station_destination,prodsimest1,prodsimest4,prodsimest5,prodsimest6,distance,population,jobs,Dj1_jobsScenario,avg_commute_dist,avg_commute_dist_5,avg_commute_dist_6,total_commute_dist,total_commute_dist_5,total_commute_dist_6,per_diff_a,per_diff_b1,per_diff_b2
Abbey Road,445.0,470.0,1280.0,2741.0,5245.2914435625,5968.65625,345.0,345.0,3.28049241593618,1.5487084676354685,1.0556973048434513,1459.8191250916,1982.3468385734,2893.6663125759,5.617977528089887,187.64044943820224,515.9550561797753
Acton Central,391.0,393.0,357.0,346.0,14356.959140491803,4376.639344262295,750.0,750.0,13.275014468659847,7.355827299795519,4.019400751632947,5190.530657246001,2626.030346027,1390.7126600649997,0.5115089514066496,-8.695652173913043,-11.508951406649617
Acton Town,2156.0,2182.0,2442.0,3131.0,16452.996434551726,5448.637931034483,2202.0,2202.0,13.693621505906307,7.607927161413186,3.7700203326033206,29523.447966734,18578.558128170996,11803.933661381,1.2059369202226344,13.26530612244898,45.2226345083488
Aldgate,8753.0,8836.0,8319.0,6342.0,14019.658575500423,5162.563559322034,7782.0,7782.0,8.462551765985683,6.669339902531615,4.25686199634672,74072.7156076727,55482.23864916051,26997.018780830902,0.9482463155489547,-4.9583000114246545,-27.544841768536504
Aldgate East,9308.0,9398.0,8737.0,6801.0,13347.539041852779,5098.519841269841,7932.0,7932.0,8.485384450377108,6.9174598663364435,4.478821231268519,78981.95846411011,60437.8468521815,30460.463193857202,0.9669101847872797,-6.134507950150408,-26.93382036957456
All Saints,504.0,547.0,627.0,700.0,4260.048159894594,5456.7027027027025,444.0,444.0,3.9586721953301587,3.0350757266625203,1.8652754260531426,1995.1707864464001,1902.9924806174004,1305.6927982372,8.531746031746032,24.404761904761905,38.88888888888889
Alperton,582.0,588.0,555.0,801.0,18389.72708872455,6246.167664670658,741.0,741.0,16.919358392237115,9.6392897306,4.146524616166042,9847.066584282,5349.805800483,3321.366217549,1.0309278350515463,-4.639175257731959,37.628865979381445
Amersham,108.0,109.0,71.0,192.0,39358.60992053595,6541.202614379085,256.0,256.0,35.80362628356482,10.542105203830987,4.978919094463541,3866.7916386250004,748.489469472,955.9524661369998,0.9259259259259258,-34.25925925925926,77.77777777777779
Anerley,140.0,140.0,248.0,388.0,13045.1679915,4580.153846153846,173.0,173.0,7.469024460142857,3.561650130044355,2.7168424821185564,1045.66342442,883.2892322509999,1054.134883062,0.0,77.14285714285715,177.14285714285714
Angel,9203.0,9301.0,7769.0,5046.0,13104.405633357414,5021.657794676806,8103.0,8103.0,9.077538263740085,8.225508674810659,6.217368810995442,83540.58464120001,63903.976894604006,31372.843020283,1.0648701510377052,-15.58187547538846,-45.17005324350755
Archway,2289.0,2308.0,1890.0,2320.0,14855.752630845374,5559.066079295154,2193.0,2193.0,12.489846909353385,9.35253971019037,4.269804424198794,28589.259575509903,17676.3000522598,9905.946264141203,0.8300567933595456,-17.431192660550458,1.3543031891655744
Arnos Grove,728.0,737.0,802.0,1814.0,19465.775049092306,6116.3538461538465,748.0,748.0,15.645735185005496,7.0802820160548645,2.364132044102536,11390.095214683999,5678.386176876,4288.535528002,1.2362637362637363,10.164835164835164,149.17582417582418
Arsenal,674.0,676.0,1166.0,3130.0,12840.403200188326,6065.005076142132,315.0,315.0,8.60967940235356,3.843219349986878,1.2945447621907349,5802.9239171863,4481.1937620847,4051.925105657,0.2967359050445104,72.99703264094956,364.3916913946588
Baker Street,15083.0,15235.0,14748.0,11840.0,12257.39587980114,5014.262357414449,14973.0,14973.0,8.854937488706,7.166909196005811,4.639288078976284,133559.0221421526,105697.5768226937,54929.1708550792,1.007757077504475,-2.221043558973679,-21.501027647019825
Balham,3492.0,3538.0,4662.0,7595.0,17061.69183304424,5701.198156682028,3814.0,3814.0,12.137896642747423,5.5817975274205915,2.325611037426201,42385.535076474,26022.3400728348,17663.015829251995,1.3172966781214204,33.50515463917525,117.4971363115693
Bank and Monument,71832.0,73528.0,70827.0,55378.0,12718.901282019142,4518.158415841584,78549.0,78549.0,7.763319650461105,5.9820115803318386,3.8891817767948984,557654.777131922,423687.9342001631,215375.10843534788,2.3610647065374764,-1.39909789508854,-22.906225637598844
Barbican,10907.0,11031.0,10116.0,7776.0,13356.51557372481,5046.091603053435,9134.0,9134.0,8.357824770788996,7.005098717807947,4.522376526529603,91158.7947749956,70863.5786293452,35165.999870294196,1.1368845695424956,-7.252223342807372,-28.706335380948016
Barking,6235.0,6302.0,5113.0,4953.0,21983.85631867931,4602.444827586207,7004.0,7004.0,15.656628037113233,10.009447170001565,4.995942633486978,97619.07581140101,51178.303380218,24744.903863661,1.07457898957498,-17.995188452285486,-20.561347233360063
Barkingside,263.0,264.0,551.0,2066.0,23289.348460402598,6859.974025974026,262.0,262.0,16.62513066513308,3.7199157431034484,1.5496849646616648,4372.40936493,2049.6735744499997,3201.649136991,0.38022813688212925,109.50570342205323,685.5513307984791
Barons Court,3473.0,3505.0,4200.0,5768.0,14166.921108970711,5360.878661087866,2956.0,2956.0,10.725978529955542,6.099872030603596,2.5449379754038315,37251.3234345356,25619.462528535103,14679.2022421293,0.9213936078318457,20.932911027929745,66.08119781169019
Bayswater,840.0,847.0,816.0,752.0,9880.30973941465,6393.031847133758,615.0,615.0,8.442495179743927,6.095656957905761,3.5174022798375004,7091.6959509849,4974.0560776511,2645.0865144378,0.8333333333333334,-2.857142857142857,-10.476190476190476
Beckton,232.0,254.0,163.0,118.0,9222.116927813953,4762.093023255814,442.0,442.0,9.438115014806035,6.5544688128159505,3.755326649542373,2189.642683435,1068.378416489,443.128544646,9.482758620689655,-29.74137931034483,-49.137931034482754
Beckton Park,78.0,82.0,98.0,138.0,6257.14681738077,6769.615384615385,88.0,88.0,6.309206807352565,3.6097186711234697,1.842708364107971,492.1181309735,353.7524297701,254.2937542469,5.128205128205128,25.64102564102564,76.92307692307693
Becontree,458.0,465.0,543.0,1107.0,23390.525288544504,6125.664921465968,456.0,456.0,17.161574164548036,6.817920306414365,2.479299694052394,7860.000967363,3702.130726383001,2744.584761316,1.5283842794759825,18.5589519650655,141.70305676855895
Belsize Park,2281.0,2305.0,1745.0,1682.0,13071.548343291006,6197.809523809524,2255.0,2255.0,11.279379006270057,9.40269246276791,4.988499614488109,25728.263513302,16407.69834753,8390.656351569001,1.052170100832968,-23.498465585269617,-26.26041209995616
Bermondsey,4160.0,4214.0,4124.0,4178.0,14614.171871106399,5211.52,3172.0,3172.0,9.580825226362213,6.830904169254462,3.381421355137434,39856.23294166681,28170.648794005403,14127.578421764201,1.2980769230769231,-0.8653846153846154,0.4326923076923077
Bethnal Green,6476.0,6538.0,5197.0,3034.0,14093.14909574,4792.210714285714,4660.0,4660.0,9.86215274611986,8.943133633763633,7.345899422612196,63867.3011838722,46477.4654946696,22287.458848205402,0.9573810994441012,-19.749845583693638,-53.15009264978382
Blackfriars,11959.0,12097.0,9624.0,4970.0,13077.488092038131,5099.68093385214,10849.0,10849.0,8.603609668555096,8.140116745044555,7.271642169465152,102890.56802625039,78340.4835543088,36140.061582241804,1.1539426373442594,-19.525043899991637,-58.44134124926833
Blackhorse Road,3460.0,3491.0,5229.0,9105.0,17845.727151263374,5104.625514403292,2955.0,2955.0,10.995471449516765,4.6748651232686935,2.2238406115922027,38044.331215328,24444.869729571998,20248.068768547007,0.8959537572254336,51.1271676300578,163.15028901734104
Blackwall,742.0,800.0,1078.0,1423.0,3901.8901275999997,5175.666666666667,665.0,665.0,3.6320327028157684,2.6043948631427645,1.6003974985520033,2694.968265489301,2807.5376624678997,2277.3656404395006,7.816711590296496,45.28301886792453,91.77897574123989
Bond Street,20153.0,20344.0,17720.0,11376.0,12223.757844396603,5002.441509433962,20967.0,20967.0,8.60964308200326,7.806225434289311,6.121971482536446,173510.13703161172,138326.3146956066,69643.5475853346,0.9477497146826774,-12.07264427132437,-43.55182851188409
Borough,5063.0,5112.0,6190.0,8214.0,12297.131357314733,5641.651785714285,3254.0,3254.0,7.357769170250246,4.747736643178272,2.0668393966765772,37252.385308977,29388.489821273502,16977.018804301402,0.9678056488248075,22.259529922970568,62.2358285601422
Boston Manor,780.0,790.0,902.0,855.0,17997.248160642393,6187.532608695652,892.0,892.0,15.960532137796923,7.13936400482816,3.6079118133964907,12449.215067481598,6439.706332355,3084.7646004539997,1.282051282051282,15.64102564102564,9.615384615384617
Bounds Green,829.0,840.0,963.0,2032.0,18664.294213915095,5794.08962264151,778.0,778.0,14.567025222623645,6.90404544467809,2.3276864000570874,12076.063909555001,6648.595763224999,4729.858764916001,1.3268998793727382,16.164053075995174,145.11459589867312
Bow Church,755.0,807.0,1035.0,1193.0,5922.1174930125,4874.0,925.0,925.0,4.754410643601325,3.0656327819487923,2.0439354823998324,3589.5800359190007,3172.929929317,2438.4150305030003,6.887417218543046,37.086092715231786,58.01324503311258
Bow Road,1775.0,1806.0,2103.0,3289.0,14241.724897413489,5803.623255813954,1193.0,1193.0,9.476643087534647,5.888737927624014,2.305144024547522,16821.041480374,12384.0158617933,7581.6186967367985,1.7464788732394365,18.47887323943662,85.29577464788733
Brent Cross,452.0,457.0,567.0,1727.0,15725.809223849314,7292.678082191781,450.0,450.0,14.026320854634957,5.590260822848325,1.8375191635118702,6339.897026295,3169.677886555,3173.395595385,1.1061946902654867,25.442477876106196,282.07964601769913
Brentwood,477.0,477.0,495.0,487.0,15409.561556615385,9425.076923076924,742.0,742.0,10.715491724595385,7.25965275351111,5.386698674330594,5111.289552631998,3593.5281129879995,2623.3222543989987,0.0,3.7735849056603774,2.0964360587002098
Brixton,4688.0,4739.0,3383.0,2253.0,16815.1949731673,4930.889733840304,5084.0,5084.0,12.622886579912118,10.721676829164352,6.708649847661785,59176.09228662801,36271.432713063004,15114.588106782001,1.0878839590443687,-27.83703071672355,-51.94112627986348
Brockley,473.0,475.0,635.0,823.0,11139.642525422223,3431.6666666666665,468.0,468.0,6.73340758579704,4.208901690699211,2.6470294320473875,3184.901788081999,2672.6525735939995,2178.505222575,0.42283298097251587,34.24947145877378,73.99577167019028
Bromley-by-Bow,2216.0,2245.0,2448.0,2316.0,15422.208647579186,5670.841628959276,1613.0,1613.0,9.907969271261733,6.448311559457517,3.9714494293065625,21956.059905116,15785.466697552003,9197.876878273999,1.3086642599277978,10.469314079422382,4.512635379061372
Brondesbury,613.0,616.0,883.0,1229.0,12388.575316152239,3489.89552238806,712.0,712.0,9.992048048036215,4.346782932270442,1.9005278696670465,6125.1254534462005,3838.2093291948,2335.7487518208,0.48939641109298526,44.04567699836868,100.48939641109298
Brondesbury Park,670.0,673.0,1048.0,1441.0,10710.466846353573,4428.357142857143,895.0,895.0,7.822240846866566,3.4152808741725194,1.7845005219730745,5240.9013674006,3579.2143561328003,2571.4652521632,0.44776119402985076,56.4179104477612,115.07462686567165
Bruce Grove,294.0,295.0,655.0,1251.0,8120.6457737037035,5632.037037037037,350.0,350.0,5.411757431289116,2.919142165219848,1.846818156043965,1591.056684799,1912.0381182190004,2310.369513211,0.3401360544217687,122.7891156462585,325.51020408163265
Buckhurst Hill,213.0,215.0,272.0,725.0,22102.076128382552,6751.624161073825,228.0,228.0,16.56609641469953,6.346660812805147,2.813811929478621,3528.5785363309997,1726.2917410829998,2040.013648872,0.9389671361502347,27.699530516431924,240.3755868544601
Burnt Oak,528.0,536.0,828.0,2996.0,21103.59115775,6810.554878048781,649.0,649.0,17.870121574556823,4.985358204502416,1.6261065894482643,9435.424191366003,4127.876593328,4871.815341987,1.5151515151515151,56.81818181818182,467.4242424242424
Bush Hill Park,149.0,151.0,372.0,939.0,14577.663800151517,5380.575757575758,176.0,176.0,8.153277032738256,2.640685647564516,1.641345155510117,1214.8382778779999,982.3350608940001,1541.223101024,1.342281879194631,149.66442953020135,530.2013422818792
Bushey,195.0,195.0,475.0,802.0,19199.058530722225,5093.722222222223,456.0,456.0,11.009292646615384,3.133974189301053,2.2336971837381547,2146.81206609,1488.637739918,1791.4251413580002,0.0,143.5897435897436,311.28205128205127
Caledonian Road,2610.0,2639.0,2604.0,2923.0,13191.104862708862,5427.738396624472,1803.0,1803.0,9.544811362734102,7.123706022498465,3.582303071151899,24911.957656736,18550.130482586,10471.071876977001,1.1111111111111112,-0.22988505747126436,11.992337164750957
Caledonian Road & Barnsbury,1477.0,1485.0,2300.0,5517.0,11603.77976984375,4212.78125,1668.0,1668.0,8.063257106234937,3.649528973928261,1.303791351818198,11909.430745909001,8393.916640035,7193.016887981,0.5416384563303994,55.72105619498985,273.5274204468517
Cambridge Heath,325.0,326.0,482.0,896.0,9457.52469675625,4152.53125,458.0,458.0,6.612701858670152,4.0163669482921165,1.869950513796652,2149.1281040677995,1935.8888690768001,1675.4756603618,0.3076923076923077,48.30769230769231,175.6923076923077
Camden Road,2836.0,2845.0,2161.0,1529.0,12936.40103096222,3317.811111111111,3784.0,3784.0,11.050952877507475,8.296251019793152,5.008976492408894,31340.5023606112,17928.198453773,7658.7250568932,0.31734837799717913,-23.801128349788435,-46.08603667136813
Camden Town,6984.0,7055.0,6079.0,4970.0,13365.552382045136,5111.677042801556,6348.0,6348.0,9.842603544841266,8.33199780286715,5.362706445438109,68740.7431571714,50650.2146436294,26652.651033827402,1.0166093928980526,-12.9581901489118,-28.83734249713631
Canada Water,25621.0,25830.0,23017.0,17486.0,14863.058382893092,4533.986842105263,20443.0,20443.0,8.832256506978931,6.897786990187484,4.394190504402985,226291.24396530716,158766.3631531453,76836.81515999061,0.8157370906678115,-10.163537722961632,-31.75129776355334
Canary Wharf,50536.0,31306.0,44923.0,32660.0,15618.876138979274,4559.707236842105,58772.0,29386.0,9.037129215791783,6.9484925520260195,4.705737694556167,456700.36204925354,312147.1309146649,153689.3931042044,-38.05208168434383,-11.106933671046383,-35.37280354598702
Canning Town,16797.0,17479.0,16113.0,12991.0,16667.766451319803,4547.93399339934,15428.0,15428.0,9.716883704351513,6.886371318346888,4.675798759142845,163214.49558199238,110960.1010525234,60743.3016800247,4.060248853962016,-4.072155742096803,-22.65880812049771
Cannon Street,7205.0,7283.0,9507.0,12617.0,12960.011465917447,5416.238297872341,4698.0,4698.0,7.095694776037293,4.273246034783297,1.7516952511202588,51124.4808613487,40625.7500526848,22101.1389833843,1.0825815405968078,31.950034698126302,75.1145038167939
Canonbury,1004.0,1009.0,1521.0,2763.0,11811.282476876562,4253.09375,846.0,846.0,7.27787438612012,3.55554855631716,1.6045909356910242,7306.9858836646,5407.9893541584,4433.4847553143,0.49800796812749004,51.494023904382466,175.199203187251
Canons Park,420.0,427.0,591.0,1811.0,21953.550613549705,6429.5321637426905,526.0,526.0,19.065154679069053,6.2086779656598985,2.0462255675720598,8007.364965209003,3669.3286777050002,3705.714502873,1.6666666666666667,40.714285714285715,331.19047619047615
Carpenders Park,131.0,131.0,191.0,270.0,18624.276383675002,4867.025,340.0,340.0,14.517246664870232,4.8970993474083775,3.0308366040481483,1901.759313098,935.345975355,818.325883093,0.0,45.80152671755725,106.10687022900764
Chadwell Heath,829.0,829.0,1487.0,1697.0,7977.906452,9291.384615384615,561.0,561.0,4.593698878474065,3.413663860408204,2.806629871873306,3808.1763702550006,5076.118160427,4762.850892569001,0.0,79.37273823884198,104.70446320868515
Chalfont & Latimer,188.0,192.0,231.0,785.0,34583.50708899099,7268.504504504504,554.0,554.0,30.50029559273936,8.9783537357013,4.3556587773796185,5734.055571434999,2073.9997129470003,3419.1921402430003,2.127659574468085,22.872340425531913,317.5531914893617
Chalk Farm,1685.0,1702.0,1381.0,1290.0,12576.447126964467,6019.081218274112,1329.0,1329.0,10.306461001575668,8.601837692564084,4.850993132925581,17366.386787655,11879.137853431,6257.781141473999,1.0089020771513353,-18.04154302670623,-23.44213649851632
Chancery Lane,15748.0,15920.0,12716.0,6886.0,12800.07099312996,5126.805447470817,15391.0,15391.0,8.620820814600433,8.364166167767378,7.3814453879262265,135760.6861883276,106358.73698932999,50828.632941259995,1.0922021844043688,-19.253238506477015,-56.27381254762509
Charing Cross,9574.0,9669.0,9913.0,8419.0,12221.830558107722,5065.289575289576,7016.0,7016.0,7.667282323615291,6.084260074838737,3.8145690334264994,73406.5609662928,60313.270121876405,32114.8566924177,0.9922707332358471,3.54083977438897,-12.063923125130561
Chesham,83.0,83.0,38.0,52.0,41590.21210255462,7199.588235294118,243.0,243.0,38.726820168987956,15.667807514999998,8.580843343461538,3214.3260740260002,595.37668557,446.20385386,0.0,-54.21686746987952,-37.34939759036144
Cheshunt,53.0,53.0,108.0,236.0,20229.54169648387,3317.967741935484,116.0,116.0,11.260637128773581,3.895795113490741,2.2066859273983055,596.8137678249999,420.74587225700003,520.777878866,0.0,103.77358490566037,345.2830188679245
Chigwell,106.0,106.0,156.0,301.0,18816.88104102439,8716.756097560976,148.0,148.0,13.56590826426415,5.306816494141026,3.3199759187475077,1437.986276012,827.863373086,999.3127515429999,0.0,47.16981132075472,183.96226415094338
Chingford,120.0,121.0,151.0,253.0,17366.831975382353,6118.911764705882,237.0,237.0,12.219201174041668,6.02133004986755,3.29967827526087,1466.3041408850002,909.22083753,834.8186036410001,0.8333333333333334,25.833333333333336,110.83333333333334
Chiswick Park,1546.0,1556.0,1772.0,2285.0,14735.175837071794,5923.984615384616,1517.0,1517.0,12.473150583840235,6.918236759849325,3.4264060812752737,19283.490802617,12259.115538453001,7829.337895714001,0.646830530401035,14.61836998706339,47.80077619663648
Chorleywood,232.0,235.0,263.0,680.0,31491.418348038835,7547.961165048544,702.0,702.0,27.68582510020258,9.536648948859316,5.024404691351471,6423.111423246999,2508.13867355,3416.595190119,1.293103448275862,13.36206896551724,193.10344827586206
Clapham Common,2507.0,2537.0,2914.0,4349.0,15663.802253688411,5443.085836909871,2020.0,2020.0,10.756450446038771,6.26758093942011,2.6666305115530924,26966.421268219197,18263.7308574702,11597.1760947444,1.1966493817311528,16.234543278819306,73.47427203829278
Clapham High Street,702.0,704.0,1045.0,1266.0,11107.636924,4297.90625,1296.0,1296.0,6.904420062663817,3.5931868882545457,2.4969917467946288,4846.90288399,3754.880298226,3161.191551442,0.2849002849002849,48.86039886039886,80.34188034188034
Clapham Junction,1977.0,1981.0,1133.0,518.0,16780.054185902776,3540.9583333333335,4969.0,4969.0,14.448433670786548,10.592602917691085,7.082868724949807,28564.553367145003,12001.419105744,3668.925999524,0.20232675771370764,-42.69094587759231,-73.79868487607486
Clapham North,1809.0,1830.0,2453.0,4757.0,13519.951380358454,5952.333333333333,1238.0,1238.0,9.411186552145383,4.976309038691806,1.9085749754220733,17024.836472830997,12206.886071911,9079.091158082801,1.1608623548922055,35.59977888336097,162.96296296296296
Clapham South,1831.0,1849.0,2223.0,3405.0,15755.545417232557,5783.860465116279,1513.0,1513.0,11.379976137559805,6.069445992921727,2.5563314017101324,20836.736307872,13492.378442265,8704.308422823,0.9830693610049154,21.409066084107046,85.96395412342982
Clapton,284.0,286.0,318.0,296.0,11645.979860966667,7326.666666666667,427.0,427.0,8.468662056320424,6.1881691488679245,4.84478415758446,2405.1000239950004,1967.83778934,1434.056110645,0.7042253521126761,11.971830985915492,4.225352112676056
Cockfosters,212.0,212.0,182.0,536.0,23379.352243832214,7023.6711409395975,262.0,262.0,20.138037981084903,7.696879914615386,1.9936920212313431,4269.26405199,1400.83214446,1068.61892338,0.0,-14.150943396226415,152.83018867924528
Colindale,1415.0,1433.0,1505.0,3077.0,21270.46906718227,5869.778325123153,2081.0,2081.0,18.341936001669964,7.906528497102991,2.5867543107185575,25953.839442362998,11899.32538814,7959.443014081001,1.2720848056537104,6.36042402826855,117.45583038869259
Colliers Wood,944.0,956.0,1546.0,3597.0,19602.515040035356,6095.19696969697,865.0,865.0,13.945464262050848,4.780391141832471,1.7996905971334443,13164.518263376,7390.484705272999,6473.487077888999,1.2711864406779663,63.771186440677965,281.0381355932203
Covent Garden,6272.0,6332.0,5542.0,3412.0,12273.19440809502,5071.36398467433,4355.0,4355.0,8.179486224271525,7.421672337614635,6.050456643840945,51301.737598631,41130.9080950603,20644.158068785302,0.9566326530612245,-11.639030612244898,-45.599489795918366
Crossharbour,1043.0,1140.0,1268.0,1295.0,5012.923163890477,4869.571428571428,1208.0,1208.0,4.288554146237776,3.0383839197347,1.7958423435593824,4472.961974526001,3852.6708102236,2325.6158349094,9.300095877277085,21.572387344199427,24.161073825503358
Crouch Hill,222.0,222.0,240.0,301.0,10856.0695639,3818.4,404.0,404.0,8.965718460202702,5.777335582766667,2.752510447172757,1990.3894981649998,1386.560539864,828.5056445989998,0.0,8.108108108108109,35.585585585585584
Croxley,168.0,169.0,229.0,751.0,28383.201950677965,7163.025423728814,340.0,340.0,24.609778078511905,7.774459873724892,3.026061191937417,4134.442717190001,1780.3513110830002,2272.571955145,0.5952380952380952,36.30952380952381,347.0238095238095
Crystal Palace,238.0,239.0,306.0,339.0,15903.068637172415,4186.6551724137935,499.0,499.0,8.405551815172268,3.8018394733300656,2.6657159255722713,2000.521332011,1163.3628788390001,903.677698769,0.42016806722689076,28.57142857142857,42.436974789915965
Custom House,756.0,809.0,1178.0,1730.0,5142.919547636364,4684.840909090909,845.0,845.0,4.563036661409789,2.683192137674533,1.5548492565012717,3449.6557160258,3160.8003381806,2689.8892137472003,7.01058201058201,55.82010582010582,128.83597883597884
Cutty Sark,1193.0,1302.0,1718.0,1961.0,6357.515467088372,4579.162790697675,1748.0,1748.0,4.191597915256161,2.479802577524098,1.4940107178236615,5000.576312900601,4260.3008281864,2929.7550176522,9.136630343671417,44.006705783738475,64.37552388935457
Cyprus,512.0,547.0,653.0,932.0,7323.717667570732,4957.585365853659,850.0,850.0,6.8205186541580085,3.5901276304336913,1.7806860221791843,3492.1055509289004,2344.3533426732,1659.5993726709999,6.8359375,27.5390625,82.03125
Dagenham East,520.0,528.0,734.0,1889.0,25722.03359019553,6267.284916201117,649.0,649.0,19.09629729735577,6.110938925215259,2.0662551704478562,9930.074594624999,4485.4291711079995,3903.156016976,1.5384615384615385,41.15384615384615,263.2692307692308
Dagenham Heathway,890.0,903.0,1062.0,2435.0,25470.918544700937,5796.556074766355,1108.0,1108.0,19.25816081126404,7.209631475254237,2.30525691772731,17139.763122024997,7656.628626719999,5613.3005946660005,1.4606741573033708,19.325842696629213,173.59550561797752
Dalston Junction,989.0,994.0,1076.0,1157.0,11066.603549271427,4722.693877551021,1289.0,1289.0,7.813408920661981,4.669321656690427,2.3711166487495245,7727.4614225346995,5024.1901025989,2743.3819626032,0.5055611729019212,8.796764408493427,16.98685540950455
Dalston Kingsland,1574.0,1585.0,1803.0,1860.0,13309.918163451612,5246.741935483871,2091.0,2091.0,8.353083554840536,5.2459276050066554,3.0322327047715047,13147.753515319002,9458.407471827,5639.952830874999,0.6988564167725541,14.54891994917408,18.170266836086405
Debden,522.0,529.0,530.0,1307.0,26201.328545163633,6393.927272727273,865.0,865.0,21.165498536264366,8.992220994296227,3.56458826527085,11048.39023593,4765.877126977,4658.916862709,1.3409961685823755,1.532567049808429,150.3831417624521
Denmark Hill,1548.0,1554.0,1668.0,1691.0,13455.796210960001,3372.6,2612.0,2612.0,8.23331893835788,5.096555211208633,2.9833031100762866,12745.177716578,8501.054092296,5044.765559139,0.3875968992248062,7.751937984496124,9.237726098191215
Deptford Bridge,698.0,764.0,1426.0,1889.0,6984.573426375676,5216.594594594595,840.0,840.0,3.85031502784957,1.799900836742496,1.3030145353469562,2687.5198894389996,2566.6585931947993,2461.3944572704,9.455587392550143,104.29799426934096,170.63037249283667
Devons Road,578.0,623.0,743.0,918.0,5272.561653214634,4985.878048780488,611.0,611.0,4.5721765492837365,3.165540312381158,1.8710554677645972,2642.718045486,2351.9964520992003,1717.6289194079004,7.7854671280276815,28.546712802768166,58.82352941176471
Dollis Hill,965.0,979.0,1221.0,2487.0,15372.983943257868,6031.685279187817,847.0,847.0,13.06083811584311,6.599233979343488,2.307646670750704,12603.7087817886,8057.664688778398,5739.117270157,1.450777202072539,26.528497409326423,157.720207253886
Ealing Broadway,3379.0,3407.0,2664.0,2307.0,18745.515970167347,5237.644897959183,4846.0,4846.0,16.739766485541583,11.363385986363364,6.180541867344603,56563.670954645,30272.060267672,14258.510087963998,0.8286475288546906,-21.160106540396566,-31.725362533293872
Ealing Common,974.0,983.0,1579.0,3800.0,15159.606213068948,5912.926315789474,915.0,915.0,12.460634905372588,4.933782748708929,2.0347275730148686,12136.6583978329,7790.4429602114,7731.964777456501,0.9240246406570842,62.114989733059545,290.1437371663244
Earl's Court,7181.0,7258.0,7793.0,7712.0,13439.224304880385,5056.869230769231,6613.0,6613.0,9.983715261426708,6.755384685694405,3.703580715465301,71693.0592923052,52644.7128556165,28562.0144776684,1.0722740565380866,8.522489903913105,7.394513298983428
East Acton,1521.0,1530.0,1321.0,1805.0,15782.726175173077,5941.0432692307695,1505.0,1505.0,13.862070332644972,9.274874342121876,3.8685254565307483,21084.208975953,12252.109005943,6982.688449038002,0.591715976331361,-13.149243918474687,18.671926364234057
East Finchley,1172.0,1187.0,990.0,1469.0,17181.201229893206,5905.364077669903,1253.0,1253.0,15.016899682708193,9.467374378247472,3.8297196242865894,17599.806428134,9372.700634464998,5625.8581280769995,1.2798634812286689,-15.529010238907851,25.341296928327644
East Ham,2069.0,2103.0,2086.0,3034.0,20086.417119167345,5275.2612244897955,2062.0,2062.0,13.976792521852103,8.102977478805368,3.426314861781806,28917.983727712002,16902.811020787998,10395.439290646,1.6433059449009184,0.8216529724504592,46.640889318511356
East India,1392.0,1501.0,2040.0,2812.0,3966.7962369454544,4662.681818181818,1522.0,1522.0,3.765615486409483,2.683042509167157,1.7314365506527738,5241.736757082001,5473.4067187010005,4868.799580435601,7.830459770114942,46.55172413793103,102.01149425287358
East Putney,1782.0,1798.0,1635.0,2312.0,16479.459619635963,5346.486842105263,1877.0,1877.0,13.904784859028059,8.75026300347217,3.5023145329364187,24778.326618788,14306.680010676999,8097.351200149001,0.8978675645342313,-8.24915824915825,29.741863075196406
Eastcote,340.0,343.0,552.0,973.0,21299.15851676163,6263.7558139534885,364.0,364.0,17.422073425529412,5.883968463632247,2.8130764085560127,5923.50496468,3247.9505919250005,2737.1233455250003,0.8823529411764706,62.35294117647059,186.1764705882353
Edgware,540.0,545.0,480.0,838.0,22878.649291046782,6613.25730994152,772.0,772.0,20.488488744579627,8.625482964235417,2.701693630710023,11063.783922072998,4140.231822833,2264.019262534999,0.9259259259259258,-11.11111111111111,55.18518518518518
Edgware Road,8185.0,8263.0,10050.0,13657.0,12429.295767146692,5131.482490272374,6868.0,6868.0,8.925698768335947,5.644773293976149,2.431368585315428,73056.84441882971,56729.9716044603,33205.2007696528,0.9529627367135004,22.785583384239462,66.8540012217471
Edmonton Green,643.0,643.0,1108.0,1572.0,14188.843893789473,3900.4561403508774,783.0,783.0,8.538928572121307,3.8564541138014437,2.529900082986005,5490.531071874,4272.951158092,3977.0029304540003,0.0,72.31726283048211,144.47900466562987
Elephant & Castle,8159.0,8240.0,7545.0,5695.0,13702.329389466538,4982.916349809886,6427.0,6427.0,8.484615092807502,7.035418214622107,4.725532813605795,69225.97454221641,53082.23042932379,26911.909373485,0.9927687216570659,-7.52543203823998,-30.19977938472852
Elm Park,214.0,217.0,241.0,438.0,27338.934536552148,6411.625766871166,269.0,269.0,20.944738852088783,6.4868616417302905,2.513381036582192,4482.174114347,1563.333655657,1100.8608940230001,1.4018691588785046,12.616822429906541,104.67289719626167
Elverson Road,335.0,369.0,1585.0,4569.0,6979.971159639286,6456.857142857143,226.0,226.0,2.492124841849552,0.7828742402180441,0.5987060938206173,834.8618220195998,1240.8556707455998,2735.4881426664006,10.149253731343283,373.13432835820896,1263.8805970149253
Embankment,13676.0,13813.0,16503.0,17875.0,12460.888264853962,4994.732075471698,10220.0,10220.0,7.260522069068323,4.990038582833114,2.6015027895454432,99294.89981657839,82350.6067324949,46501.8623631248,1.001754899093302,20.671248903188065,30.70342205323194
Emerson Park,27.0,27.0,74.0,119.0,2773.5344845,2575.0,42.0,42.0,2.9093715507037037,2.9043786207027025,2.8980479902268907,78.553031869,214.924017932,344.867710837,0.0,174.07407407407408,340.74074074074076
Enfield Town,414.0,417.0,612.0,859.0,16426.313633023256,4538.3488372093025,749.0,749.0,10.832182311949278,4.4898548691127464,2.228332550402794,4484.523477147,2747.7911798970003,1914.137660796,0.7246376811594203,47.82608695652174,107.48792270531402
Epping,261.0,265.0,135.0,214.0,32165.521884598802,6411.946107784431,498.0,498.0,28.293483733015325,15.44181027537778,4.41751268014486,7384.599254316999,2084.6443871760002,945.347713551,1.532567049808429,-48.275862068965516,-18.007662835249043
Euston,17149.0,17315.0,16992.0,15417.0,11554.98596599237,5118.345381526105,16800.0,16800.0,8.3811447931227,6.671161144396475,4.05690881856509,143728.2520572612,113356.3701655849,62545.363255817996,0.9679864715143741,-0.9155052772756429,-10.099714269053589
Euston Square,7936.0,8018.0,7500.0,5982.0,12921.602500055122,5437.248780487805,8093.0,8093.0,8.456085344235811,6.9613591422062795,4.453540883227098,67107.4932918554,52210.193566547096,26641.081563464497,1.033266129032258,-5.493951612903226,-24.621975806451612
Fairlop,168.0,173.0,495.0,1977.0,23481.490023203623,6923.268115942029,182.0,182.0,15.21997730395238,2.6461850470977777,1.2957502716758724,2556.956187064,1309.8615983134,2561.6982871032,2.976190476190476,194.64285714285714,1076.7857142857142
Farringdon,22924.0,23163.0,18763.0,10482.0,13224.23878675644,5006.318181818182,25592.0,25592.0,8.820982281787275,8.303642981993965,7.1207421514072795,202212.1978276915,155801.2532711528,74639.6192310511,1.0425754667597278,-18.15128249869133,-54.274995637759545
Finchley Central,1456.0,1469.0,1502.0,3005.0,19006.273245815,5974.305,1921.0,1921.0,16.523088316581727,7.956487458484687,2.9107354344076537,24057.616588942994,11950.644162644001,8746.759980395,0.8928571428571428,3.159340659340659,106.38736263736264
Finchley Road,3696.0,3735.0,4583.0,6588.0,13710.507005059913,5412.508620689655,3417.0,3417.0,10.808224818496859,6.043450818270456,2.4352606348199606,39947.19892916439,27697.1351001335,16043.497062193901,1.0551948051948052,23.99891774891775,78.24675324675324
Finchley Road & Frognal,1194.0,1199.0,1920.0,3296.0,11268.631101327273,3897.9545454545455,1529.0,1529.0,9.087675623520937,3.7441377619303124,1.4234770248615896,10850.684694484,7188.7445029062,4691.780273943799,0.41876046901172526,60.80402010050251,176.04690117252932
Finsbury Park,6734.0,6806.0,7087.0,8267.0,15124.281132781538,5000.357692307693,6769.0,6769.0,10.819197833299672,7.407527312192126,3.747528035082787,72856.47820944,52497.1460615056,30980.8142660294,1.0692010692010692,5.242055242055242,22.765072765072766
Forest Gate,903.0,906.0,1239.0,1306.0,9361.849264538461,9407.307692307691,816.0,816.0,6.3393438116279075,4.380071729987087,3.0965346905666156,5724.427461900001,5426.908873454,4044.07430588,0.33222591362126247,37.2093023255814,44.629014396456256
Forest Hill,556.0,557.0,1086.0,1833.0,12695.160645928572,3622.095238095238,608.0,608.0,6.378239989300359,3.0062374729530386,2.0531691746617566,3546.3014340510003,3264.773895627,3763.4590971549997,0.1798561151079137,95.32374100719424,229.67625899280577
Fulham Broadway,4489.0,4533.0,4613.0,5016.0,14625.140980820233,5118.505836575875,4200.0,4200.0,11.390787311400713,7.436974767439584,3.59593818964079,51133.2442408778,34306.764602198804,18037.2259592382,0.9801737580752953,2.7623078636667406,11.739808420583648
Gallions Reach,320.0,344.0,427.0,770.0,7569.8644532083335,5440.305555555556,557.0,557.0,7.315598452250001,3.6649862820983605,1.634601697503896,2340.99150472,1564.949142456,1258.643307078,7.5,33.4375,140.625
Gants Hill,612.0,619.0,614.0,1072.0,22925.907154202705,5547.572072072072,601.0,601.0,17.195655006715686,8.22664853060912,3.1876725406231343,10523.740864110001,5051.162197793999,3417.184963548,1.1437908496732025,0.32679738562091504,75.16339869281046
Gidea Park,510.0,510.0,1452.0,3217.0,9950.349359923077,9330.076923076924,299.0,299.0,4.581451358831373,2.6218033571005512,2.087067666557041,2336.540193004,3806.8584745100006,6714.096683313999,0.0,184.7058823529412,530.7843137254902
Gloucester Road,6122.0,6173.0,6155.0,5644.0,13350.685155584733,5038.721374045802,5194.0,5194.0,9.774207211773211,7.205394521055824,4.095099650479093,59837.6965504756,44349.2032770986,23112.742427304,0.8330610911466841,0.5390395295655015,-7.807905913100294
Golders Green,1524.0,1539.0,1095.0,1104.0,15942.38051544149,6194.090425531915,1871.0,1871.0,14.430901067550527,10.679029874144293,5.08465454225,21992.693226947,11693.537712188,5613.458614644,0.984251968503937,-28.1496062992126,-27.559055118110237
Goldhawk Road,534.0,539.0,691.0,1072.0,12661.34437608148,6538.462962962963,370.0,370.0,10.495633183110487,5.168352161778726,1.9134414706539173,5604.668119781,3571.3313437890997,2051.209256541,0.9363295880149813,29.40074906367041,100.74906367041199
Goodge Street,7699.0,7772.0,6826.0,4465.0,11061.593271555455,5686.95,6457.0,6457.0,7.972154355860605,7.126439625377029,5.5925008880189475,61377.616385770794,48645.07688282361,24970.516465004595,0.9481750876737239,-11.339134952591245,-42.00545525392908
Goodmayes,1188.0,1189.0,2982.0,5141.0,7780.3403104230765,9352.384615384615,683.0,683.0,3.8000886649663306,2.280441631217974,1.6515418403316473,4514.505333980001,6800.276944292,8490.576601145,0.08417508417508417,151.010101010101,332.74410774410774
Gospel Oak,1590.0,1597.0,1402.0,1219.0,12401.466621234567,3608.296296296296,2025.0,2025.0,10.580094915146542,7.072312131879459,3.710647214243642,16822.350915083003,9915.381608895,4523.278954163,0.44025157232704404,-11.823899371069183,-23.333333333333332
Grange Hill,67.0,68.0,170.0,556.0,20814.653900606063,7808.010101010101,76.0,76.0,13.14024024897015,3.020358602194118,1.6828378009352514,880.3960966810001,513.460962373,935.6578173199998,1.4925373134328357,153.73134328358208,729.8507462686567
Great Portland Street,7717.0,7791.0,7479.0,6350.0,12606.16979620711,5441.928888888889,6936.0,6936.0,8.731238191841245,7.111088074734483,4.422637747108584,67378.96512643888,53183.8277109392,28083.749694139504,0.958921860826746,-3.084100038875211,-17.71413761824543
Green Park,25530.0,25771.0,24050.0,17023.0,12239.013664345075,5017.310606060606,26754.0,26754.0,8.16020724044555,7.016451237769255,5.167893963394865,208330.09084857488,168745.6522683506,87973.05893887079,0.9439874657265961,-5.797101449275362,-33.32158245201723
Greenford,836.0,846.0,868.0,2189.0,21760.07780988083,6204.746113989638,1157.0,1157.0,19.698842550470097,8.366889834609449,2.535150818882595,16468.232372193,7262.460376441001,5549.445142534,1.1961722488038278,3.827751196172249,161.8421052631579
Greenwich,956.0,1044.0,1783.0,2636.0,6638.325559079487,5024.179487179487,1189.0,1189.0,3.877407727088179,1.9182564816569823,1.1538866390374052,3706.8017870962994,3420.2513067943996,3041.6451805025995,9.205020920502092,86.50627615062761,175.73221757322176
Gunnersbury,4936.0,4976.0,4008.0,3753.0,17344.52064528102,4779.065693430657,4775.0,4775.0,15.123881858019853,9.51614517137051,4.904391744121236,74651.480851186,38140.709846853,18406.182215687,0.8103727714748784,-18.80064829821718,-23.966774716369528
Hackney Central,1786.0,1795.0,2194.0,2765.0,14565.525656791044,3931.4328358208954,2440.0,2440.0,8.595779393856663,4.4407535469020045,2.168731116864738,15352.061997428,9743.013281902999,5996.541538131,0.503919372900336,22.84434490481523,54.815229563269874
Hackney Downs,539.0,540.0,931.0,1411.0,7938.376524918519,3983.3703703703704,835.0,835.0,5.670724039317256,3.8018820824867885,2.3986546941807227,3056.5202571920004,3539.552218795199,3384.501773489,0.1855287569573284,72.72727272727273,161.78107606679035
Hackney Wick,1343.0,1351.0,1980.0,2477.0,14916.317408789473,4136.184210526316,1263.0,1263.0,8.8067318714274,3.9902980349272723,2.1849995894646748,11827.440903326999,7900.790109156,5412.243983104,0.5956813104988831,47.43112434847357,84.43782576321668
Haggerston,1098.0,1105.0,1393.0,2052.0,11307.675373321052,4319.456140350877,1184.0,1184.0,7.560178264053551,3.9378386193221817,1.6767069434410822,8301.075733930798,5485.409196715799,3440.6026479411,0.6375227686703097,26.86703096539162,86.88524590163934
Hainault,324.0,334.0,458.0,1198.0,26456.528625839896,6071.031088082902,356.0,356.0,20.379981285460183,5.570043340418996,1.933230435541402,6603.1139364891,2551.0798499119,2316.0100617785997,3.0864197530864197,41.358024691358025,269.75308641975306
Hammersmith,13404.0,13542.0,12663.0,10155.0,14947.733203535114,5012.687022900764,18250.0,18250.0,11.913543907150984,8.396891462889378,5.171144292307158,159689.1425314518,106329.83659456819,52512.97028837919,1.0295434198746642,-5.528200537153088,-24.239033124440464
Hampstead,1881.0,1901.0,1401.0,1432.0,14017.29344797838,6258.875675675676,2010.0,2010.0,12.334304994383837,9.906549364479657,5.036467960053771,23200.827694436,13879.075659636,7212.222118797001,1.063264221158958,-25.51834130781499,-23.870281765018607
Hampstead Heath,2125.0,2133.0,1796.0,1371.0,13304.301139511364,3367.75,2792.0,2792.0,11.417374630691764,7.557753929192651,4.243619882751276,24261.921090219996,13573.726056829999,5818.002859252,0.3764705882352941,-15.482352941176469,-35.48235294117647
Hanger Lane,1089.0,1102.0,817.0,915.0,18870.1693034023,6566.528735632184,1493.0,1493.0,16.95953487898072,11.014862236805383,5.227691069723497,18468.93348321,8999.142447469998,4783.337328797,1.1937557392102847,-24.97704315886134,-15.977961432506888
Harlesden,1888.0,1900.0,1643.0,2417.0,14474.277459025641,5891.379487179487,1668.0,1668.0,13.010759154852227,8.063730873594034,3.0721793735337193,24564.313284361004,13248.709825314996,7425.457545830999,0.6355932203389831,-12.976694915254235,28.01906779661017
Harold Wood,596.0,597.0,967.0,1057.0,11356.282245153849,9362.538461538461,530.0,530.0,6.228928194981544,4.3269767501923475,3.880529031363292,3712.4412042090003,4184.186517436,4101.719186151,0.16778523489932887,62.248322147651,77.3489932885906
Harringay Green Lanes,302.0,303.0,302.0,278.0,12120.898660833333,3766.1190476190477,544.0,544.0,10.06788545697351,7.207196489579469,4.3447195200143875,3040.5014080060005,2176.573339853,1207.832026564,0.33112582781456956,0.0,-7.9470198675496695
Harrow & Wealdstone,1057.0,1062.0,903.0,1145.0,21380.594030781915,5926.175531914893,1335.0,1335.0,18.76462190623652,9.029643046557032,3.536554304046288,19834.205354892,8153.767671041001,4049.3546781329997,0.47303689687795647,-14.56953642384106,8.325449385052035
Harrow-on-the-Hill,2250.0,2273.0,3095.0,5284.0,20907.517595553192,5382.085106382979,3019.0,3019.0,17.258382385329334,7.327022904649757,3.485218969842733,38831.360366991,22677.135889891,18415.897036648996,1.0222222222222224,37.55555555555555,134.84444444444443
Hatch End,48.0,48.0,119.0,236.0,15098.898834363637,5117.393939393939,93.0,93.0,10.565886365041667,3.226290768142857,2.0213999301525423,507.162545522,383.928601409,477.050383516,0.0,147.91666666666669,391.66666666666663
Hatton Cross,699.0,707.0,671.0,1371.0,26216.629866786458,6058.286458333333,1219.0,1219.0,24.163165450719603,9.299691920667659,2.9832895077272057,16890.052650053003,6240.093278767999,4090.089915094,1.144492131616595,-4.005722460658083,96.13733905579399
Headstone Lane,110.0,113.0,172.0,353.0,14444.10742109091,5096.848484848485,310.0,310.0,13.05493697290909,5.21949917182558,2.6918041034192632,1436.0430670199999,897.7538575539999,950.2068485069999,2.727272727272727,56.36363636363636,220.9090909090909
Heathrow Terminal 4,432.0,438.0,353.0,613.0,28033.32797767403,6506.281767955801,693.0,693.0,25.665894841020833,10.630910193172804,3.476817329345841,11087.666571320999,3752.7112981899995,2131.2890228890005,1.3888888888888888,-18.287037037037038,41.898148148148145
Heathrow Terminal 5,513.0,515.0,329.0,595.0,31876.98777201485,6011.202970297029,975.0,975.0,30.323475506777772,13.738936662419453,3.252443083640336,15555.942934977,4520.110161936,1935.2036347659998,0.3898635477582846,-35.86744639376218,15.984405458089668
Heathrow Terminals 2 & 3,1216.0,1226.0,857.0,1316.0,29797.15017248198,5811.301801801802,2406.0,2406.0,27.695385609105266,13.598372179715287,3.893449749717325,33677.588900672,11653.804958016,5123.779870628,0.8223684210526315,-29.523026315789476,8.223684210526317
Hendon Central,1417.0,1429.0,1330.0,2358.0,19050.640266352042,6028.698979591837,1878.0,1878.0,16.472899961760763,8.660759391073684,3.0888503714257842,23342.099245815,11518.809990128,7283.509175821999,0.8468595624558928,-6.139731827805223,66.40790402258293
Heron Quays,4289.0,4608.0,9122.0,12613.0,4063.6656007944443,5345.944444444444,5975.0,5975.0,3.3317830732087894,1.5995052984841596,0.8850514499401331,14290.017600992498,14590.6873327725,11163.1539380949,7.437631149452087,112.68360923292143,194.07787363021683
High Barnet,609.0,619.0,344.0,391.0,25023.88525720207,6105.383419689119,953.0,953.0,23.21340193778982,14.478904101357555,4.879909061225064,14136.961780114001,4980.743010867,1908.044442939,1.6420361247947455,-43.51395730706076,-35.79638752052545
High Street Kensington,6120.0,6176.0,5821.0,4519.0,13815.603718075472,5001.984905660377,5427.0,5427.0,10.224481899816993,7.759629767805876,5.0728730551865455,62573.82922688,45168.804878398005,22924.313336388,0.9150326797385622,-4.88562091503268,-26.16013071895425
Highams Park,267.0,269.0,368.0,698.0,15599.853138979592,4587.469387755102,390.0,390.0,10.990417728389511,5.59497986461413,3.2924182455143263,2934.44153348,2058.9525901780003,2298.1079353689997,0.7490636704119851,37.82771535580524,161.42322097378278
Highbury & Islington,28803.0,29019.0,25257.0,19099.0,13345.27318809327,4405.032051282052,25385.0,25385.0,9.674605841294056,7.756240265386127,5.272598664245117,278657.6720467927,195899.3603828574,100701.3618884175,0.7499218831371732,-12.311217581501927,-33.69093497205152
Highgate,966.0,976.0,849.0,1406.0,15219.667798415841,5999.376237623763,856.0,856.0,13.399132959132507,8.714459836009423,3.349899016768847,12943.562438522002,7398.576400772,4709.958017577,1.0351966873706004,-12.111801242236025,45.54865424430642
Hillingdon,223.0,227.0,364.0,1204.0,25197.422807973682,6477.0328947368425,318.0,318.0,21.09180605324215,5.887446019230769,2.3758084126279067,4703.472749872999,2143.030351,2860.4733288039997,1.7937219730941705,63.22869955156951,439.91031390134526
Holborn,22002.0,22229.0,19147.0,11853.0,12377.55000006,5003.860377358491,22346.0,22346.0,8.249649865232307,7.634231194226529,6.17298355495559,181508.7963348412,146172.62467585533,73168.3740768886,1.0317243886919372,-12.976093082447052,-46.12762476138533
Holland Park,2589.0,2613.0,2825.0,3780.0,13637.44470774093,5814.706976744186,2063.0,2063.0,10.42883660314948,6.654654506012176,2.7768012814309793,27000.257965554003,18799.3989794844,10496.308843809102,0.9269988412514484,9.115488605639243,46.00231749710313
Holloway Road,2526.0,2552.0,2898.0,4206.0,14207.496922676894,5202.581673306773,1696.0,1696.0,9.829649951229017,6.39053839481232,2.735711800973609,24829.6957768045,18519.7802681661,11506.403834895,1.0292953285827395,14.726840855106888,66.5083135391924
Homerton,1777.0,1790.0,2048.0,2314.0,14493.145424102564,4252.192307692308,1998.0,1998.0,9.648212763418119,5.213001001983885,2.6046697557623166,17144.874080594,10676.226052062997,6027.205814834,0.7315700619020821,15.250422059651097,30.219471018570626
Honor Oak Park,365.0,366.0,691.0,1146.0,11889.648293051283,3876.25641025641,341.0,341.0,6.191154398934247,3.0467129358986966,1.9960504921125648,2259.7713556109998,2105.2786387059996,2287.4738639609996,0.273972602739726,89.31506849315069,213.97260273972606
Hornchurch,285.0,288.0,439.0,1226.0,27413.00464841606,7039.795620437956,451.0,451.0,20.911382810175436,4.950383114963554,1.844167017492659,5959.7441009,2173.218187469,2260.948763446,1.0526315789473684,54.03508771929825,330.17543859649123
Hounslow Central,608.0,615.0,999.0,2357.0,23102.561017049054,5749.764150943396,708.0,708.0,19.885622043949013,5.439338385204203,1.5732386383717436,12090.458202721,5433.8990468189995,3708.1234706421997,1.151315789473684,64.30921052631578,287.6644736842105
Hounslow East,712.0,720.0,1217.0,2897.0,22290.291327999075,5638.958525345623,843.0,843.0,19.05651659202865,5.178486322777814,1.4708880831134274,13568.239813524398,6302.2178548206,4261.1627767796,1.1235955056179776,70.92696629213484,306.88202247191015
Hounslow West,329.0,332.0,320.0,377.0,23814.724385476926,6023.74358974359,401.0,401.0,21.462768925015205,8.618114163128126,3.366209212352785,7061.250976330001,2757.7965322010004,1269.060873057,0.911854103343465,-2.735562310030395,14.58966565349544
Hoxton,1746.0,1756.0,1807.0,1788.0,11566.618770568964,4292.379310344828,2181.0,2181.0,7.7234659869272635,4.9346672624964025,2.6508610576448546,13485.171613175004,8916.943743330998,4739.739571069001,0.572737686139748,3.493699885452463,2.405498281786942
Hyde Park Corner,3557.0,3598.0,2963.0,1886.0,12175.292889283533,5240.417670682731,2410.0,2410.0,8.92173113059404,8.179180374501957,6.208963031980753,31734.597631523,24234.911449649302,11710.1042783157,1.1526567332021367,-16.699465842001686,-46.97779027270171
Ickenham,195.0,197.0,370.0,852.0,23019.06378035246,6919.336065573771,282.0,282.0,18.31100601120513,5.060969331108108,2.6016138033908445,3570.646172185,1872.55865251,2216.5749604889997,1.0256410256410255,89.74358974358975,336.9230769230769
Ilford,1585.0,1589.0,2101.0,1805.0,8083.5052219230765,9184.76923076923,1665.0,1665.0,5.633312577908517,4.480500526884341,3.5475953243041545,8928.800435984998,9413.531606984,6403.409560368999,0.2523659305993691,32.555205047318616,13.880126182965299
Imperial Wharf,1259.0,1264.0,1688.0,2717.0,14100.386468640625,4380.453125,2049.0,2049.0,9.970713686314536,4.603349515704977,2.6151878125866768,12553.12853107,7770.453982510001,7105.465286798001,0.3971405877680699,34.074662430500396,115.80619539316919
Island Gardens,624.0,683.0,833.0,896.0,5324.405567291667,5512.222222222223,691.0,691.0,4.346442267129007,2.8432877431649457,1.6912345685616068,2712.1799746885004,2368.4586900564,1515.3461734311998,9.455128205128204,33.493589743589745,43.58974358974359
Kennington,2045.0,2067.0,1974.0,1972.0,12320.921635984514,5586.951327433629,1161.0,1161.0,8.275251491372666,6.398824218500152,3.539730217391988,16922.889299857103,12631.2790073193,6980.347988697,1.075794621026895,-3.4718826405867973,-3.5696821515892423
Kensal Green,647.0,652.0,579.0,761.0,12656.907180652173,6707.850931677019,472.0,472.0,11.84131001667079,7.827565224103628,3.2926980636491465,7661.327580786001,4532.160264756,2505.743226437,0.7727975270479135,-10.510046367851624,17.619783616692427
Kensal Rise,1058.0,1062.0,986.0,1031.0,13353.122962,3831.46835443038,1376.0,1376.0,12.068264032722114,6.937466487239351,3.445511255112513,12768.223346619998,6840.3419564179985,3552.3221040210005,0.3780718336483932,-6.805293005671078,-2.551984877126654
Kensington,2590.0,2607.0,2351.0,2628.0,12596.649746321193,5938.211920529801,2252.0,2252.0,10.87332700028996,6.731775091762654,3.1960745588477932,28161.916930750995,15826.403240733998,8399.283940652,0.6563706563706564,-9.227799227799228,1.4671814671814671
Kentish Town,3757.0,3799.0,3280.0,3483.0,14055.436862452321,5426.869198312236,3404.0,3404.0,11.040532277225605,8.732338273970427,4.345930923855643,41479.279765536594,28642.069538622996,15136.877407789201,1.1179132286398723,-12.696300239552835,-7.293052967793452
Kentish Town West,1028.0,1031.0,948.0,990.0,12371.084439716455,3625.3670886075947,1128.0,1128.0,10.37995180874047,6.667176382716246,3.1115717135795955,10670.590459385203,6320.483210815001,3080.4559964437994,0.2918287937743191,-7.782101167315175,-3.6964980544747084
Kenton,535.0,539.0,532.0,1024.0,16856.671532440367,7071.119266055046,768.0,768.0,15.67466349106168,6.969052730808271,2.6286925112822264,8385.944967718,3707.5360527899998,2691.781131553,0.7476635514018692,-0.5607476635514018,91.4018691588785
Kew Gardens,1044.0,1053.0,761.0,1022.0,17865.457626436295,4978.374517374517,792.0,792.0,16.558667919097704,10.937727826097237,4.050504645631116,17287.249307538004,8323.610875659999,4139.615747835,0.8620689655172413,-27.107279693486593,-2.10727969348659
Kilburn,2131.0,2149.0,2420.0,3338.0,14790.177242168951,5570.013698630137,1953.0,1953.0,11.94733285571516,7.050676378015288,2.9491817307028163,25459.766315529,17062.636834797,9844.368617086,0.8446738620366024,13.561708118254339,56.640075082121065
Kilburn High Road,101.0,101.0,191.0,436.0,10648.655940673078,2856.846153846154,266.0,266.0,8.393863584059405,3.684786583091623,1.7334176552270637,847.78022199,703.7942373705001,755.7700976789997,0.0,89.10891089108911,331.68316831683165
Kilburn Park,964.0,972.0,1033.0,2048.0,12689.928355204705,6490.329411764706,823.0,823.0,11.044914382228631,6.315376075361665,1.8994470183859375,10647.297464468402,6523.7834858486,3890.0674936544,0.8298755186721992,7.157676348547717,112.44813278008299
King George V,563.0,604.0,1014.0,2128.0,7575.046796794118,5703.441176470588,800.0,800.0,5.226546561273535,2.878513863392505,2.1635701791766917,2942.5457139970003,2918.8130574799998,4604.077341288001,7.282415630550622,80.10657193605684,277.97513321492005
King's Cross St. Pancras,28838.0,29129.0,27723.0,21070.0,12395.869962145835,4917.912878787879,33330.0,33330.0,8.482552031646945,7.190614781825322,5.117721194903246,244619.83548863462,199345.4135965434,107830.3855766114,1.0090852347596921,-3.8664262431513974,-26.93668076843054
Kingsbury,854.0,867.0,1047.0,2205.0,20049.601204823834,6085.756476683938,1018.0,1018.0,17.19055018375293,7.181964313205349,2.621410019768254,14680.729856925002,7519.516635926,5780.209093589,1.5222482435597189,22.59953161592506,158.19672131147541
Knightsbridge,7655.0,7732.0,6040.0,3343.0,12903.561573326895,5021.193181818182,6821.0,6821.0,9.63979725073203,9.08749085906048,7.7044966386331755,73792.64795435368,54888.444788725305,25756.132262950705,1.0058785107772699,-21.097322011757022,-56.32919660352711
Ladbroke Grove,2461.0,2479.0,2121.0,1959.0,14097.840165259322,5462.783898305085,2131.0,2131.0,11.921233362399592,8.95348188385667,4.476352980864319,29338.1553048654,18990.335075659998,8769.1754895132,0.731409995936611,-13.815522145469322,-20.39821210889882
Lambeth North,2711.0,2730.0,3744.0,5504.0,12679.263018050608,5251.878542510121,1319.0,1319.0,7.280928667950682,4.2084804422282325,1.6938477955964752,19738.597618814296,15756.5507757025,9322.938266963001,0.700848395426042,38.10402065658429,103.02471412762819
Lancaster Gate,2341.0,2360.0,1875.0,1201.0,12303.327440241294,6018.124378109453,1820.0,1820.0,9.806088061741349,8.787602246700798,6.578140392927143,22956.0521525365,16476.754212564,7900.346611905497,0.8116189662537376,-19.906023067065355,-48.697137975224265
Langdon Park,1476.0,1595.0,1647.0,1456.0,4614.818207504878,4966.512195121952,1989.0,1989.0,4.342296942729946,3.5240169136983606,2.558038301562637,6409.230287469401,5804.0558568612005,3724.5037670751994,8.062330623306233,11.585365853658537,-1.3550135501355014
Latimer Road,1374.0,1388.0,1387.0,1780.0,14074.951856722115,5781.807692307692,1109.0,1109.0,11.676344143553568,7.4135430829166555,2.910601877656179,16043.296853242604,10282.584256005402,5180.871342227999,1.0189228529839884,0.9461426491994178,29.54876273653566
Leicester Square,11305.0,11415.0,10959.0,7982.0,12197.634822730039,5041.148288973384,8847.0,8847.0,7.854113740962847,6.616981900660462,4.685041546164707,88790.75584158498,72515.504649338,37396.00162148669,0.9730207872622734,-3.060592658115878,-29.39407341884122
Lewisham,991.0,1077.0,1289.0,1442.0,8735.938088616667,4542.357142857143,2400.0,2400.0,6.0060244896504535,2.606713104701629,1.274391163616366,5951.970269243599,3360.0531919604,1837.6720579348,8.678102926337033,30.07063572149344,45.50958627648839
Leyton,1789.0,1820.0,2155.0,2683.0,18002.060547741377,5377.849137931034,1447.0,1447.0,11.54682365949078,6.4863667059721575,3.5742696651602683,20657.267526829,13978.12025137,9589.765511624999,1.732811626607043,20.458356623812186,49.97205142537731
Leyton Midland Road,304.0,304.0,466.0,595.0,14811.634423000001,3058.2619047619046,445.0,445.0,8.064554855710528,4.095823529467811,2.54667378842521,2451.6246761360003,1908.6537647320001,1515.270904113,0.0,53.289473684210535,95.72368421052632
Leytonstone,1892.0,1917.0,2166.0,3109.0,18868.2789338565,5520.273542600897,1844.0,1844.0,12.813980081776428,7.118436628318099,3.6638898904014154,24244.050314721004,15418.533736937,11391.033669258,1.3213530655391121,14.482029598308669,64.32346723044398
Leytonstone High Road,229.0,230.0,386.0,531.0,14168.989653617647,2325.205882352941,314.0,314.0,7.9052907555065515,4.076070830738342,2.4435951692372884,1810.3115830110003,1573.363340665,1297.549034865,0.43668122270742354,68.5589519650655,131.87772925764193
Limehouse,1811.0,1952.0,1680.0,1200.0,5151.588635434091,4581.136363636364,2969.0,2969.0,4.873907110439702,4.148076597118928,3.1707623787658332,8826.6457770063,6968.7686831598,3804.9148545189996,7.785753727222529,-7.233572611816676,-33.73826615129762
Liverpool Street,62521.0,63045.0,53271.0,35385.0,13554.818294463907,4509.059602649007,61122.0,61122.0,9.952518234452478,7.942819049749076,5.468465321652287,622241.3925362034,423121.913599183,193501.64540666618,0.838118392220214,-14.795028870299578,-43.403016586426965
London Bridge,27782.0,28082.0,26428.0,18412.0,13551.864294329811,4887.124528301887,29930.0,29930.0,8.151632329862451,6.725243008532893,4.846029348389594,226468.6493882386,177734.7222295073,89225.0923625492,1.079835864948528,-4.873659203801022,-33.726873515225684
London City Airport,1146.0,1227.0,1605.0,2408.0,6889.274562449999,5057.1,1941.0,1941.0,5.4671707635637,3.4369125239389406,2.5697429123027415,6265.377695044,5516.244600921999,6187.940932825001,7.068062827225131,40.05235602094241,110.12216404886561
London Fields,574.0,576.0,760.0,910.0,8470.570100885714,6838.892857142857,790.0,790.0,6.889802874339373,4.85996905438842,3.014639176335385,3954.7468498708,3693.5764813352,2743.3216504652,0.34843205574912894,32.40418118466899,58.536585365853654
Loughton,469.0,473.0,490.0,1277.0,24314.160466095807,6457.700598802395,655.0,655.0,19.50307686556716,8.273510828865307,3.087622404734534,9146.943049950998,4054.020306144,3942.893810846,0.8528784648187633,4.477611940298507,172.28144989339017
Maida Vale,1254.0,1260.0,1185.0,1326.0,12376.431080912755,6060.826530612245,949.0,949.0,10.556733966037482,7.233587506635442,3.4076018447448715,13238.144393411001,8571.801195363,4518.4800461317,0.4784688995215311,-5.502392344497608,5.741626794258373
Manor House,1839.0,1858.0,2323.0,3898.0,14912.786912060345,5527.931034482759,1311.0,1311.0,10.596729090043501,5.873184325800688,2.4492220074810156,19487.38479659,13643.407188834999,9547.067385160999,1.0331702011963024,26.318651441000547,111.96302338227298
Manor Park,629.0,631.0,955.0,1316.0,8647.034275615386,9456.692307692309,436.0,436.0,5.531485791151033,3.8728107706534027,2.5368106711322187,3479.3045626339995,3698.5342859740003,3338.44284321,0.3179650238473768,51.828298887122415,109.22098569157393
Mansion House,9722.0,9820.0,10339.0,9126.0,12970.307511111872,5595.315068493151,7815.0,7815.0,7.389039183923041,5.396157653624528,3.064891600318223,71836.23894609981,55790.873980824,27970.2007445041,1.0080230405266406,6.3464307755605835,-6.130425838304875
Marble Arch,7152.0,7220.0,5786.0,3375.0,12317.305050047013,5216.816733067729,6145.0,6145.0,9.255207335043123,8.717681194773867,7.201189462124207,66193.2428602284,50440.5033929616,24304.014434669196,0.9507829977628635,-19.099552572706934,-52.81040268456376
Maryland,566.0,570.0,1430.0,2836.0,10164.162538507691,9524.76923076923,350.0,350.0,5.42879688540636,2.1998361387135663,1.2599111988416785,3072.6990371399997,3145.7656783604,3573.108159915,0.7067137809187279,152.65017667844523,401.06007067137807
Marylebone,5511.0,5562.0,5819.0,6142.0,11823.199363250813,5290.170731707317,4250.0,4250.0,8.86177527794197,6.503067574151745,3.3128541698054224,48837.2435567382,37841.350213989004,20347.5503109449,0.9254218835057159,5.588822355289421,11.449827617492288
Mile End,4688.0,4745.0,5076.0,5531.0,15997.178070507252,5033.354961832061,3759.0,3759.0,9.996951478606611,6.816146380998976,3.510485963083782,46865.708531707794,34598.75902995081,19416.4978618164,1.2158703071672354,8.276450511945391,17.9820819112628
Mill Hill East,515.0,520.0,586.0,1519.0,18839.99192330657,7518.21897810219,681.0,681.0,16.422883682697083,6.6227651574180895,2.245588302030283,8457.785096589,3880.9403822469994,3411.048630784,0.9708737864077669,13.78640776699029,194.95145631067962
Moor Park,254.0,257.0,414.0,961.0,25017.551819504763,7169.571428571428,550.0,550.0,20.359538573417325,6.865175666178743,3.8814726685577523,5171.322797648,2842.182725798,3730.0952344840002,1.1811023622047243,62.99212598425197,278.34645669291336
Moorgate,26424.0,26696.0,31618.0,32168.0,13233.818448716665,5109.224806201551,24574.0,24574.0,7.337133244089698,4.9606429451603296,2.6214462402465837,193876.4088418262,156845.60864007933,84326.6826562521,1.0293672419013018,19.656372994247654,21.737814108386317
Morden,1128.0,1139.0,950.0,1158.0,22758.302435070094,5740.406542056075,1447.0,1447.0,18.384996511512412,9.847771972109472,3.2820029663523314,20738.276064986,9355.383373503999,3800.559435036,0.975177304964539,-15.780141843971633,2.6595744680851063
Mornington Crescent,3916.0,3955.0,3932.0,3899.0,11543.189635886793,5817.372641509434,2927.0,2927.0,8.438228597497599,6.503883467970092,3.6734937346895102,33044.103187800596,25573.2697960584,14322.9520715544,0.9959141981613893,0.40858018386108275,-0.43411644535240035
Mudchute,342.0,373.0,477.0,623.0,4873.842580863637,6016.090909090909,302.0,302.0,4.204431601138011,2.6893047001515726,1.3716837322648476,1437.9156075891997,1282.7983419723,854.558965201,9.064327485380117,39.473684210526315,82.16374269005848
Neasden,819.0,828.0,1002.0,2009.0,15837.920889255498,6120.350785340314,732.0,732.0,13.505343982312576,6.909756779763074,2.44598956796446,11060.876721514,6923.576293322601,4913.993042040601,1.098901098901099,22.344322344322347,145.2991452991453
New Cross,490.0,493.0,343.0,176.0,10713.793101482757,4582.310344827586,1027.0,1027.0,8.163404097279592,7.032829125970845,6.148316950153409,4000.0680076670005,2412.260390208,1082.103783227,0.6122448979591837,-30.0,-64.08163265306122
New Cross Gate,1119.0,1123.0,1425.0,1750.0,11763.79671212,3239.5,1340.0,1340.0,6.673438726283289,4.3020128593501745,2.5791313325382856,7467.577934711,6130.368324573999,4513.479831942001,0.3574620196604111,27.34584450402145,56.38963360142984
Newbury Park,520.0,527.0,615.0,1367.0,24731.520617626215,5817.626213592233,559.0,559.0,18.660936442515382,6.8892619268813,2.4567209023972203,9703.686950108,4236.896085031999,3358.3374735770003,1.3461538461538463,18.269230769230766,162.8846153846154
North Acton,2575.0,2598.0,2310.0,3027.0,16800.431544328636,5811.962441314554,3168.0,3168.0,14.624985951240387,9.362449092970563,4.2485709652623065,37659.338824444,21627.257404762,12860.424311849,0.8932038834951457,-10.29126213592233,17.55339805825243
North Ealing,254.0,257.0,325.0,557.0,14025.83131242193,6480.19298245614,332.0,332.0,12.54535135057559,6.001702411380924,2.4410065872064637,3186.5192430462,1950.5532836988002,1359.6406690740002,1.1811023622047243,27.95275590551181,119.29133858267717
North Greenwich,5642.0,5719.0,4660.0,3253.0,18689.892599136885,4998.600760456274,6276.0,6276.0,12.543166948067352,9.421919727154505,6.131200765474639,70768.54792099599,43906.14592854,19944.796090089,1.3647642679900744,-17.4051754696916,-42.34314073023751
North Harrow,187.0,188.0,336.0,840.0,20331.61524341096,6914.2054794520545,190.0,190.0,16.192284775743314,5.2559868271875,2.4227080225309527,3027.9572530640003,1766.011573935,2035.0747389260002,0.53475935828877,79.67914438502673,349.1978609625669
North Wembley,385.0,388.0,393.0,932.0,16696.86529410733,6613.2,365.0,365.0,15.734079316745452,6.868496098887023,1.8949675483891633,6057.620536947,2699.3189668625996,1766.1097550987001,0.7792207792207793,2.0779220779220777,142.07792207792207
Northfields,825.0,837.0,1390.0,2763.0,17454.997508669632,6111.1832460732985,864.0,864.0,15.075961747422788,4.80449801312367,1.4479858498185305,12437.668441623802,6678.252238241901,4000.7849030486,1.4545454545454546,68.48484848484848,234.9090909090909
Northolt,490.0,495.0,438.0,894.0,23193.655158243244,6403.172972972973,663.0,663.0,21.613189532595918,9.345918559767124,2.755074470810962,10590.462870972,4093.512329178001,2463.036576905,1.0204081632653061,-10.612244897959183,82.44897959183673
Northwick Park,1474.0,1490.0,2415.0,5036.0,20012.52549389151,5731.740566037736,1713.0,1713.0,15.880620132833108,5.99094914527412,2.60642145775417,23408.034075796004,14468.142185837001,13125.93846125,1.0854816824966078,63.839891451831754,241.65535956580734
Northwood,605.0,611.0,724.0,1529.0,25075.092694077844,6489.245508982036,1018.0,1018.0,22.059198449666113,8.296498751707182,3.5621048323335507,13345.815062048001,6006.665096236,5446.458288637999,0.9917355371900827,19.669421487603305,152.72727272727275
Northwood Hills,352.0,358.0,537.0,1441.0,23403.319809703225,6502.716129032258,488.0,488.0,19.502874765227272,6.458000404612664,2.7445338401561417,6865.011917360001,3467.946217277,3954.873263665,1.7045454545454544,52.55681818181818,309.375
Norwood Junction,246.0,246.0,401.0,683.0,15357.44390321875,3944.25,406.0,406.0,8.29133141845122,3.9079395647306736,3.0146113348740853,2039.667528939,1567.083765457,2058.9795417190003,0.0,63.00813008130082,177.6422764227642
Notting Hill Gate,6164.0,6229.0,6308.0,6593.0,13227.32658894922,5128.98828125,5490.0,5490.0,10.02914821271778,7.193926529295102,3.7096288921877743,61819.6695831924,45379.288546793505,24457.583286193996,1.054510058403634,2.336145360155743,6.959766385463985
Oakwood,352.0,356.0,329.0,1014.0,22689.805978164706,6473.270588235294,423.0,423.0,19.19203405992898,7.2216687137537985,2.076261984269231,6755.595989095001,2375.929006825,2105.3296520490003,1.1363636363636365,-6.534090909090909,188.0681818181818
Old Street,15760.0,15925.0,12716.0,6801.0,13677.301712608712,5004.818181818182,15897.0,15897.0,8.918313376288204,8.35042009324407,7.293205169720924,140552.6188103021,106183.94190569161,49601.088359272006,1.0469543147208122,-19.314720812182742,-56.84644670050761
Osterley,461.0,468.0,595.0,846.0,20465.703036603278,6133.732240437159,521.0,521.0,17.946762401698482,6.558324420425547,2.339352015078251,8273.457467183,3902.2030301532004,1979.0918047562006,1.5184381778741864,29.067245119305856,83.51409978308027
Oval,3464.0,3496.0,3303.0,3282.0,13712.191383229741,5493.862068965517,2544.0,2544.0,9.266809250774394,7.0826146404669394,4.013840656308897,32100.227244682497,23393.876157462302,13173.425034005802,0.9237875288683602,-4.647806004618937,-5.254041570438799
Oxford Circus,37577.0,37941.0,33979.0,21174.0,12006.589724027546,4999.62641509434,44368.0,44368.0,8.179849330951612,7.40771165102445,6.109652407486752,307374.1983091687,251706.6341901598,129365.78007612447,0.9686776485616201,-9.575005987705246,-43.65170183889081
Paddington,16469.0,16634.0,14449.0,10673.0,13112.894223185338,4913.184210526316,20198.0,20198.0,10.351394072904379,8.626644431561811,5.701894895342069,170477.1089866622,124646.38539163659,60856.32421798591,1.0018823243669925,-12.265468455886817,-35.193393648673265
Park Royal,1143.0,1157.0,1197.0,1582.0,17094.760862813662,6392.552795031056,1552.0,1552.0,15.145717469117239,8.554662907709274,4.256248491950064,17311.555067201003,10239.931500528,6733.385114265,1.2248468941382327,4.724409448818897,38.4076990376203
Parsons Green,2907.0,2933.0,2876.0,3502.0,14296.668662797907,5343.715481171548,2711.0,2711.0,11.779521928257449,7.615160239580839,3.3582885250748427,34243.0702454444,21901.200849034496,11760.7264148121,0.8943928448572412,-1.0663914688682492,20.46783625730994
Peckham Rye,799.0,802.0,1133.0,1860.0,11935.027941386363,3611.7272727272725,1070.0,1070.0,6.8185522821451805,3.5095912841941743,1.8182329495231182,5448.023273434,3976.366924992,3381.913286113,0.37546933667083854,41.80225281602002,132.7909887359199
Penge West,186.0,186.0,527.0,1042.0,10763.849795704,4651.32,150.0,150.0,5.117303170194623,2.0930853707146113,1.594472831321881,951.8183896562001,1103.0559903666,1661.4406902373998,0.0,183.33333333333331,460.2150537634409
Perivale,443.0,449.0,439.0,1030.0,18932.723047,6898.598765432099,532.0,532.0,17.71009081730474,7.948827829111616,2.7149166576980583,7845.570232065999,3489.5354169800003,2796.364157429,1.3544018058690745,-0.9029345372460496,132.5056433408578
Piccadilly Circus,15621.0,15775.0,14713.0,9903.0,12206.00680219283,5006.218867924528,13641.0,13641.0,7.948263603384667,6.866908521905729,5.223207669660538,124159.8257484719,101032.82508279898,51725.4255526483,0.9858523782088214,-5.812688048140324,-36.60457077011715
Pimlico,6819.0,6889.0,7694.0,10605.0,13925.076198506897,5057.9501915708815,5585.0,5585.0,9.287177747289148,6.1555952129146485,2.6640890929343986,63329.26505876469,47361.1495681653,28252.664830569298,1.0265434814488927,12.831793518111159,55.521337439507256
Pinner,257.0,259.0,333.0,626.0,21811.3639439625,6659.4,292.0,292.0,18.553190928245137,7.077534175498499,3.304236802247604,4768.170068559,2356.818880441,2068.452238207,0.7782101167315175,29.571984435797667,143.57976653696497
Plaistow,1514.0,1534.0,1986.0,2628.0,16682.64214323779,5683.26267281106,1049.0,1049.0,10.236114428530119,5.558346929689024,2.837523272128311,15497.4772447946,11038.8770023624,7457.0111591532,1.321003963011889,31.175693527080583,73.57992073976222
Pontoon Dock,828.0,888.0,1139.0,1591.0,5896.343243211905,4844.333333333333,1123.0,1123.0,5.02280696597029,3.3908598643960497,2.356468430674167,4158.8841678234,3862.189385547101,3749.1412732026006,7.246376811594203,37.56038647342995,92.14975845410628
Poplar,1364.0,1476.0,2105.0,2075.0,3805.952934795238,4836.119047619048,1301.0,1301.0,3.3418313293601174,2.2964857229691207,1.733393902712241,4558.2579332472005,4834.102446849999,3596.7923481279004,8.211143695014663,54.325513196480934,52.12609970674487
Preston Road,470.0,478.0,691.0,1690.0,17546.616108548387,6197.698924731183,411.0,411.0,14.70722244279149,6.128649050403764,2.40837271523787,6912.394548112,4234.896493829001,4070.1498887520006,1.702127659574468,47.02127659574468,259.5744680851064
Prince Regent,600.0,643.0,783.0,985.0,5466.87061632439,4955.90243902439,754.0,754.0,5.1420163065655,3.302951544168199,1.9914824206375634,3085.2097839392995,2586.2110590837,1961.6101843279998,7.166666666666667,30.5,64.16666666666667
Pudding Mill Lane,501.0,526.0,1175.0,2052.0,6148.803028027778,5548.972222222223,431.0,431.0,3.9151516790778436,1.8692559309191483,1.3234556055716375,1961.4909912179999,2196.3757188299996,2715.7309026330004,4.990019960079841,134.5309381237525,309.5808383233533
Putney Bridge,2527.0,2556.0,2647.0,3931.0,15692.325887728512,5216.524793388429,2494.0,2494.0,12.70358339303605,7.48740477576668,2.8856244654747387,32101.955234202098,19819.160441454398,11343.389773781199,1.147605856747131,4.748713889988128,55.5599525128611
Queen's Park,2702.0,2732.0,2245.0,2256.0,14110.22486357875,5273.141666666666,2167.0,2167.0,12.05222605905074,8.923703360961872,4.222565821599468,32565.1148115551,20033.714045359404,9526.1084935284,1.1102886750555145,-16.91339748334567,-16.506291635825317
Queens Road Peckham,574.0,576.0,762.0,959.0,11078.254994842106,3953.9736842105262,747.0,747.0,5.895774843303137,3.4878667690761147,2.073089715441084,3384.174760056,2657.7544780359995,1988.0930371079996,0.34843205574912894,32.752613240418114,67.07317073170732
Queensbury,411.0,415.0,540.0,1455.0,20986.751615815218,6235.29347826087,439.0,439.0,18.109035207671532,6.546956573655554,2.238580249773883,7442.8134703529995,3535.3565497739996,3257.134263421,0.9732360097323601,31.386861313868614,254.01459854014598
Queensway,2375.0,2405.0,2295.0,2532.0,12582.640512917,6030.8,1882.0,1882.0,9.849019370763873,7.172132466493901,3.406102144043207,23391.421005564196,16460.044010603502,8624.2506287174,1.263157894736842,-3.3684210526315788,6.610526315789474
Ravenscourt Park,2208.0,2229.0,2921.0,4431.0,13262.91433105024,5862.555023923445,1895.0,1895.0,10.812132385295154,5.452914061439439,2.2368378624586547,23873.1883067317,15927.9619734646,9911.428568554298,0.9510869565217392,32.29166666666667,100.67934782608697
Rayners Lane,447.0,450.0,661.0,1148.0,19991.30967804061,5850.010152284264,426.0,426.0,16.511983769870245,6.400155594886535,3.116811731155052,7380.856745132,4230.5028482200005,3578.099867366,0.6711409395973155,47.87472035794183,156.82326621923937
Rectory Road,208.0,208.0,324.0,517.0,8562.362731529629,7199.148148148148,219.0,219.0,6.635737221826441,3.8235435686996913,1.9663600529452612,1380.2333421399,1238.8281162587,1016.6081473727,0.0,55.769230769230774,148.55769230769232
Redbridge,251.0,254.0,375.0,1163.0,19632.532121578948,6372.327485380117,198.0,198.0,13.513852397378486,5.0022527300906665,2.0110167577248497,3391.976951742,1875.844773784,2338.8124892340006,1.1952191235059761,49.40239043824701,363.3466135458167
Regent's Park,4349.0,4396.0,3812.0,2523.0,11732.937912917534,5805.184834123223,3364.0,3364.0,8.56263671851083,7.516267129918363,5.571456430445264,37238.90708880361,28652.0102992488,14056.784574013402,1.0807082087836284,-12.34766613014486,-41.986663600827775
Richmond,4163.0,4195.0,2090.0,1114.0,20952.379985841217,4540.746621621622,5397.0,5397.0,20.121659501209464,16.909412645926317,10.223068754211848,83766.468503535,35340.672429986,11388.498592192,0.7686764352630314,-49.795820321883255,-73.24045159740572
Rickmansworth,432.0,433.0,372.0,607.0,29590.41669732484,6393.649681528663,937.0,937.0,26.875180252469907,12.105844801438174,6.101024418919275,11610.077869066998,4503.374266135001,3703.321822284,0.23148148148148145,-13.88888888888889,40.50925925925926
Roding Valley,70.0,72.0,138.0,460.0,15650.012608442623,9929.901639344262,84.0,84.0,10.47793229557143,3.816168700463768,2.044290317223913,733.45526069,526.631280664,940.3735459229999,2.857142857142857,97.14285714285714,557.1428571428571
Romford,2283.0,2284.0,3956.0,4694.0,8510.562901666668,8089.266666666666,2194.0,2194.0,4.830977475692072,3.5287926913159753,2.9576295529503627,11029.121577005,13959.903886846,13883.113121549,0.043802014892685065,73.28077091546211,105.60665790626369
Rotherhithe,521.0,526.0,1583.0,5027.0,7726.3703193189185,3488.675675675676,321.0,321.0,3.9916074003904027,1.3696626164450414,0.6094455071271534,2079.6274556034,2168.1759218325005,3063.6825643282,0.9596928982725527,203.83877159309023,864.8752399232245
Royal Albert,475.0,512.0,544.0,524.0,6009.8101526315795,5256.394736842105,684.0,684.0,5.912090405806317,3.9578558756691167,2.651013591132634,2808.2429427580005,2153.073596364,1389.1311217535,7.7894736842105265,14.526315789473685,10.31578947368421
Royal Oak,1287.0,1300.0,1396.0,1760.0,12417.2454302435,5974.355,856.0,856.0,9.889968191203108,6.409154569553653,2.8272752163153414,12728.3890620784,8947.1797790969,4976.0043807150005,1.0101010101010102,8.46930846930847,36.75213675213676
Royal Victoria,718.0,772.0,1238.0,2125.0,4618.719966182926,4943.390243902439,763.0,763.0,4.229013429479248,2.5013257836101777,1.499523625757506,3036.4316423661003,3096.6413201094,3186.4877047347,7.520891364902507,72.42339832869081,195.96100278551532
Ruislip,223.0,223.0,530.0,1336.0,21707.207479022854,6582.4,257.0,257.0,17.000689681871748,4.166227300091697,1.7704952054869756,3791.1537990573993,2208.1004690485997,2365.3815945305996,0.0,137.66816143497758,499.10313901345296
Ruislip Gardens,105.0,106.0,220.0,1022.0,22536.871045172,8434.84,167.0,167.0,20.027182677940957,3.1741779459190917,1.3958870828387477,2102.8541811838004,698.3191481022001,1426.5965986612002,0.9523809523809524,109.52380952380953,873.3333333333333
Ruislip Manor,345.0,352.0,880.0,2412.0,21658.349075222075,6206.564935064935,408.0,408.0,16.60290457432058,3.816268025054773,1.5918730207580432,5728.002078140599,3358.3158620482,3839.5977260684,2.0289855072463765,155.07246376811594,599.1304347826086
Russell Square,7061.0,7123.0,6758.0,5637.0,12479.30520740346,5088.15,5172.0,5172.0,8.328850543450022,6.973057546925807,4.413369672865319,58810.0136873006,47123.9229021246,24878.164845941803,0.8780625973658122,-4.291176887126469,-20.167115139498655
Seven Kings,960.0,961.0,2150.0,3350.0,7780.340311115385,9338.461538461539,559.0,559.0,4.082507833208333,2.5618531479597673,1.8795099170701495,3919.2075198800003,5507.9842681135,6296.358222185,0.10416666666666667,123.95833333333333,248.95833333333334
Seven Sisters,10381.0,10458.0,11808.0,12931.0,16730.179763885182,4877.488888888889,10191.0,10191.0,10.765754349118776,6.520597501979929,3.5323376118559273,111759.295898202,76995.215303379,45676.657658909,0.7417397167902899,13.746267218957712,24.564107504094018
Shadwell,7600.0,7892.0,7552.0,6827.0,7874.02804992174,3940.4239130434785,7447.0,7447.0,5.986726146351159,4.505906149658368,2.8733740438091395,45499.118712268806,34028.60324222,19616.524597084997,3.8421052631578947,-0.631578947368421,-10.171052631578947
Shenfield,602.0,603.0,897.0,1407.0,18500.876484153847,9573.23076923077,933.0,933.0,11.414730692441863,5.864505376992197,3.9521268557683014,6871.6678768500005,5260.461323162001,5560.642486066001,0.16611295681063123,49.00332225913621,133.72093023255815
Shepherd's Bush,10530.0,10615.0,8418.0,6240.0,14254.62067427527,4790.924731182796,9890.0,9890.0,11.639223277972023,9.3041540001428,6.197925962341939,122561.02111704541,78322.36837320209,38675.05800501371,0.8072174738841407,-20.056980056980056,-40.74074074074074
Shepherd's Bush Market,596.0,602.0,692.0,959.0,13355.884508947753,6193.702247191011,416.0,416.0,10.896296204354027,6.151523502347687,2.307556451417727,6494.192537795,4256.8542636246,2212.9466369096003,1.006711409395973,16.10738255033557,60.90604026845637
Shoreditch High Street,4455.0,4485.0,4136.0,3360.0,10476.530768557692,4451.538461538462,7558.0,7558.0,7.251489169642649,5.391839588890473,3.4153837135026786,32305.384250758,22300.648539651003,11475.689277369002,0.6734006734006733,-7.160493827160494,-24.579124579124578
Silver Street,686.0,686.0,1382.0,2182.0,12160.53816790244,4634.707317073171,953.0,953.0,7.089681749252187,3.2434616603162083,2.0441430981631528,4863.521679987,4482.464014557,4460.320240192,0.0,101.45772594752187,218.07580174927114
Sloane Square,9177.0,9256.0,8356.0,6334.0,13198.935467566038,4991.42641509434,8229.0,8229.0,9.300166246991173,7.66870656232037,5.075609882688191,85347.625648638,64079.712034749,32148.912996946998,0.8608477716029203,-8.946278740329083,-30.97962297046965
Snaresbrook,577.0,583.0,801.0,1898.0,17749.934451503068,6620.78527607362,512.0,512.0,12.546952101757366,5.4943554123196,2.4381174433256056,7239.591362714001,4400.978685268,4627.546907431999,1.0398613518197575,38.82149046793761,228.9428076256499
South Acton,453.0,455.0,685.0,1392.0,14529.757306945456,4216.0,975.0,975.0,12.416569340370865,4.630910053451094,1.8691454686673852,5624.705911188001,3172.173386614,2601.850492385,0.44150110375275936,51.21412803532009,207.28476821192055
South Ealing,709.0,719.0,1360.0,2749.0,17161.1735212057,6063.875647668394,670.0,670.0,14.315953809745414,4.116535960426471,1.3402465852059662,10150.0112511095,5598.4889061799995,3684.337862731201,1.4104372355430184,91.8194640338505,287.7291960507757
South Hampstead,76.0,76.0,102.0,128.0,11244.453866767857,2700.6785714285716,236.0,236.0,8.57196304217105,4.845465065093138,2.820894371101562,651.4691912049999,494.23743663950006,361.0744795009999,0.0,34.21052631578947,68.42105263157895
South Harrow,328.0,330.0,450.0,980.0,19730.268859797387,6606.091503267974,387.0,387.0,16.728305860875,6.065847030846666,2.6035405367397964,5486.884322366999,2729.6311638810002,2551.469726005,0.6097560975609756,37.19512195121951,198.78048780487805
South Kensington,14160.0,14306.0,12703.0,9321.0,13266.665571892076,4991.1509433962265,15325.0,15325.0,9.748610390707713,8.054833727328331,5.431368691580388,138040.32313242118,102320.5528382518,50625.78757422079,1.0310734463276836,-10.28954802259887,-34.17372881355932
South Kenton,221.0,221.0,262.0,645.0,15427.672053358036,6797.625,261.0,261.0,14.148147998437556,5.365267499387788,1.915898100595039,3126.7407076547,1405.7000848396,1235.7542748838002,0.0,18.552036199095024,191.8552036199095
South Quay,3036.0,3306.0,3506.0,2697.0,4743.440928225,4664.568181818182,4591.0,4591.0,4.105843628723913,3.160370982961894,2.39464115203667,12465.3412568058,11080.2606662644,6458.347187042899,8.893280632411066,15.480895915678525,-11.16600790513834
South Ruislip,200.0,201.0,321.0,1084.0,23467.87237601654,7428.4060150375935,289.0,289.0,20.887632622377,4.372318078044237,1.6907649602284132,4177.5265244754,1403.5141030522,1832.7892168876,0.5,60.5,442.0
South Tottenham,254.0,255.0,290.0,317.0,12194.158186666667,4283.151515151515,552.0,552.0,9.288682410078742,5.448922237058621,3.1632444556529973,2359.32533216,1580.1874487470002,1002.748492442,0.39370078740157477,14.173228346456693,24.803149606299215
South Wimbledon,1200.0,1208.0,2079.0,5355.0,19889.69179204762,6696.672619047619,1361.0,1361.0,14.239337576528337,4.577240665195287,1.7817257101167139,17087.205091834003,9516.083342941001,9541.141177675001,0.6666666666666667,73.25,346.25
South Woodford,785.0,794.0,935.0,2073.0,20671.866412634146,5834.497560975609,766.0,766.0,15.00135978412866,7.010292053948662,2.8508508460805597,11776.067430540996,6554.623070442,5909.813803925,1.1464968152866242,19.10828025477707,164.0764331210191
Southbury,246.0,247.0,320.0,412.0,14310.535622515152,5190.484848484848,538.0,538.0,9.542104347817075,5.013391336084374,3.410105704524272,2347.357669563,1604.285227547,1404.9635502639999,0.40650406504065045,30.081300813008134,67.47967479674797
Southfields,1231.0,1239.0,1086.0,1587.0,16836.04071789302,5583.930232558139,1351.0,1351.0,14.995178661428918,8.935900731745857,3.472360393914303,18459.064932219,9704.388194676001,5510.635945142,0.6498781478472786,-11.779041429731924,28.9195775792039
Southgate,757.0,762.0,624.0,1079.0,21929.779138703707,5760.5462962962965,874.0,874.0,18.494042013634083,10.126773760974359,3.118103415871177,13999.989804321,6319.106826848,3364.4335857250003,0.6605019815059445,-17.569352708058126,42.53632760898283
Southwark,13594.0,13716.0,17036.0,20536.0,13168.399697211025,5010.9505703422055,10326.0,10326.0,7.375696894260483,4.76054846933303,2.2565852323567883,100265.223580577,81100.7037235575,46341.234331679,0.8974547594526996,25.319994115050758,51.06664705016919
St James Street,177.0,178.0,632.0,2341.0,9205.127131968,7264.2,184.0,184.0,5.625376105109605,2.041688097984493,1.198958918068176,995.6915706044,1290.3468779261998,2806.7628271976005,0.5649717514124294,257.0621468926554,1222.5988700564972
St. James's Park,15374.0,15519.0,17211.0,18673.0,12957.44714201212,5018.284090909091,13339.0,13339.0,7.970867784160371,5.653367476240387,2.900595688706999,122544.1213136815,97300.10763357331,54162.8232952258,0.9431507740340836,11.94874463379732,21.458306231299595
St. John's Wood,4324.0,4370.0,3576.0,2360.0,13400.449185515574,5260.836065573771,3982.0,3982.0,10.796210056355317,9.182058970722874,6.492458872303728,46682.812283680396,32835.042879304994,15322.202938636798,1.0638297872340425,-17.298797409805736,-45.420906567992596
St. Paul's,14734.0,14893.0,12696.0,7359.0,13277.479703891506,5097.683397683398,13446.0,13446.0,8.34608518932666,7.544072961683452,6.1972251016365805,122971.219179539,95779.5503215331,45605.3795229436,1.079136690647482,-13.831953305280303,-50.05429618569296
Stamford Brook,981.0,989.0,1298.0,2103.0,12980.18974840811,6137.4486486486485,784.0,784.0,10.984860282417534,5.39115251039322,2.1589030124182127,10776.1479370516,6997.715958490399,4540.173035115501,0.8154943934760449,32.31396534148828,114.3730886850153
Stamford Hill,281.0,282.0,701.0,1670.0,7260.3281412727265,7499.818181818182,352.0,352.0,4.869994847672598,2.444999657945792,1.4108014483550901,1368.468552196,1713.9447602200003,2356.0384187530003,0.3558718861209964,149.46619217081852,494.3060498220641
Stanmore,658.0,665.0,641.0,1325.0,24371.114960636365,6216.299465240641,983.0,983.0,21.88176421108055,9.295914932706708,2.6669618123049057,14398.200850891002,5958.681471865,3533.7244013039995,1.0638297872340425,-2.5835866261398177,101.3677811550152
Star Lane,1033.0,1093.0,2190.0,4285.0,4553.0751096916665,5482.638888888889,1052.0,1052.0,3.600924615868636,2.0301907857450225,1.2865057985538855,3719.7551281923006,4446.1178207816,5512.677346803399,5.808325266214908,112.00387221684413,314.811229428848
Stepney Green,2774.0,2805.0,2690.0,2465.0,14175.328731404958,5364.640495867769,1879.0,1879.0,9.390750621864816,7.191350395289219,4.1418842372795135,26049.942225052997,19344.732563327998,10209.744644894,1.117519826964672,-3.028118240807498,-11.13914924297044
Stockwell,2429.0,2452.0,2894.0,4629.0,13735.709591128334,5356.675,1623.0,1623.0,9.422394283594484,5.798605214854873,2.6125915176655,22886.995714851,16781.16349179,12093.686135273598,0.9468917249897078,19.143680526965827,90.57225195553725
Stoke Newington,401.0,404.0,611.0,855.0,8604.61472951,6021.8,479.0,479.0,6.973918917178302,4.3391626680880515,2.485411169870058,2796.5414857884994,2651.2283902017994,2125.0265502388997,0.7481296758104738,52.36907730673317,113.21695760598504
Stonebridge Park,886.0,890.0,645.0,731.0,15069.12840944385,6018.176470588235,729.0,729.0,14.196853685430021,9.572385958252715,4.009481121298223,12578.412365291002,6174.188943073001,2930.9306996690007,0.4514672686230248,-27.200902934537247,-17.494356659142213
Stratford,66044.0,67383.0,54648.0,40785.0,15938.807849240055,3939.6811989100815,55954.0,55954.0,10.631751461779736,8.231656057751586,5.650765319321948,702163.3935417809,449843.5402440087,230466.46354854567,2.0274362546181335,-17.25516322451699,-38.24571497789353
Stratford High Street,1076.0,1107.0,6344.0,23622.0,5340.696564953846,6733.923076923077,788.0,788.0,2.066829891935409,0.7308679250546499,0.5604907830982221,2223.9089637225,4636.626116546699,13239.913278346201,2.8810408921933086,489.5910780669145,2095.353159851301
Stratford International,1111.0,1169.0,2285.0,3498.0,6950.776451,4895.414634146341,1546.0,1546.0,4.75329631429523,2.2424057132923414,1.5852867620786166,5280.912205182,5123.897054873,5545.333093751,5.2205220522052205,105.67056705670568,214.85148514851485
Sudbury Hill,261.0,266.0,319.0,709.0,19296.65414580723,6287.060240963855,277.0,277.0,16.91796387262069,6.953809346962382,2.6465659539478135,4415.588570754,2218.265181681,1876.4152613489998,1.9157088122605364,22.22222222222222,171.64750957854406
Sudbury Town,194.0,198.0,208.0,443.0,18359.65402486301,6467.493150684932,218.0,218.0,16.417297979216496,6.855853262841346,2.84420595493228,3184.955807968,1426.017478671,1259.9832380349999,2.0618556701030926,7.216494845360824,128.35051546391753
Surrey Quays,1229.0,1240.0,2799.0,6775.0,10492.709903480001,3141.890909090909,1005.0,1005.0,5.408291601235312,2.1899826645582707,0.9488811592444871,6646.790377918199,6129.7614780986,6428.6698538814,0.8950366151342555,127.74613506916192,451.2611879576892
Swiss Cottage,2965.0,2997.0,3141.0,3795.0,13770.045196000001,5429.238095238095,2598.0,2598.0,10.946815050620843,7.087155936605667,3.1012733143233726,32457.3066250908,22260.756796878402,11769.332227857198,1.0792580101180438,5.935919055649242,27.99325463743676
Sydenham,501.0,503.0,1141.0,2164.0,14091.737588642858,3602.0714285714284,515.0,515.0,6.187826988940119,2.6756737170815073,2.0000808936400185,3100.1013214589993,3052.9437111899997,4328.175053837,0.39920159680638717,127.7445109780439,331.936127744511
Temple,8566.0,8657.0,7597.0,4978.0,12606.640645809917,5333.400826446281,6780.0,6780.0,8.144274088761733,7.1914403647401075,5.369424368601647,69763.85184433301,54633.3724509306,26728.994506899,1.0623394816717253,-11.312164370768153,-41.886528134485175
Theobalds Grove,80.0,80.0,142.0,298.0,15099.079972416666,5992.916666666667,182.0,182.0,11.316733940775,4.350390389859156,2.3489450732214765,905.3387152619999,617.75543536,699.98563182,0.0,77.5,272.5
Theydon Bois,56.0,57.0,82.0,383.0,26259.46862132609,8256.16304347826,98.0,98.0,20.14059406705357,5.169744417914634,2.9348884871383807,1127.873267755,423.919042269,1124.0622905739997,1.7857142857142856,46.42857142857143,583.9285714285714
Tooting Bec,1476.0,1493.0,2657.0,6651.0,17843.783015888584,5677.004566210046,1239.0,1239.0,12.173155293929131,4.219359911575687,1.5434270763049167,17967.5772138394,11210.8392850566,10265.333484503999,1.151761517615176,80.01355013550136,350.60975609756093
Tooting Broadway,3746.0,3780.0,5020.0,7872.0,20490.17389937247,5183.923076923077,4506.0,4506.0,14.321085224283502,6.0321080817579675,2.5100374159538874,53646.785250166,30281.182570425,19759.014538389,0.9076348104644953,34.00961025093433,110.14415376401494
Tottenham Court Road,19646.0,19845.0,17259.0,10186.0,12174.870186290531,5020.276515151515,19126.0,19126.0,8.188828612407372,7.55245230844531,6.4364927810730315,160877.72691935522,130347.77439145761,65562.1154680099,1.0129288404764327,-12.150055991041434,-48.15229563269877
Tottenham Hale,3205.0,3236.0,5186.0,10986.0,17938.302277597402,5395.116883116883,3239.0,3239.0,11.931458755986585,4.8224835439444655,1.9332731447142728,38240.325312937006,25009.399658896,21238.938767831,0.9672386895475819,61.80967238689548,242.77691107644307
Totteridge & Whetstone,269.0,272.0,291.0,855.0,21290.723602375758,6689.89696969697,287.0,287.0,18.882849984394056,6.677882104398625,2.296248137549708,5079.486645802001,1943.2636923800003,1963.292157605,1.1152416356877324,8.178438661710038,217.84386617100373
Tower Gateway,1530.0,1647.0,1147.0,781.0,7296.279449261905,4680.642857142857,3342.0,3342.0,6.538409668375818,5.401316253039233,3.632677584481434,10003.766792615,6195.309742236,2837.12119348,7.647058823529412,-25.03267973856209,-48.95424836601307
Tower Hill,10085.0,10182.0,9225.0,6218.0,13802.319036809125,5007.984790874525,8286.0,8286.0,8.419975205879721,7.024685386857562,5.0617930078694435,84915.449951297,64802.722693760996,31474.2289229322,0.9618244918195339,-8.527516113039168,-38.344075359444716
Tufnell Park,825.0,829.0,803.0,1464.0,12247.705458241362,6287.560209424084,557.0,557.0,10.696563980347275,7.180389893555913,2.4329497145413934,8824.665283786502,5765.853084525399,3561.8383820886,0.48484848484848486,-2.666666666666667,77.45454545454545
Turkey Street,185.0,186.0,260.0,362.0,15155.417476413793,5390.172413793103,458.0,458.0,11.061040609405405,5.549743379573076,3.318342766820442,2046.29251274,1442.933278689,1201.240081589,0.5405405405405406,40.54054054054054,95.67567567567568
Turnham Green,1732.0,1752.0,1919.0,2433.0,14475.921470456697,5568.428571428572,1515.0,1515.0,12.251857655147633,7.138215338109901,3.34391754403354,21220.2174587157,13698.235233832898,8135.7513846336005,1.1547344110854503,10.796766743648961,40.47344110854503
Turnpike Lane,1227.0,1238.0,1554.0,3686.0,16962.545172471306,5531.273913043478,992.0,992.0,12.900574875556643,6.122290726459461,1.903394015802333,15829.005372308002,9514.039788918002,7015.910342247399,0.8964955175224123,26.65036674816626,200.4074979625102
Upminster,879.0,892.0,962.0,1224.0,30823.064623354654,6200.802325581395,1132.0,1132.0,17.502034942430033,6.895823101441787,3.476354872105392,15384.288714395998,6633.781823586999,4255.058363457,1.4789533560864618,9.442548350398178,39.249146757679185
Upminster Bridge,261.0,268.0,526.0,1540.0,25907.208012241757,8430.395604395604,568.0,568.0,19.109737704636014,3.98617482221673,1.7048668206701303,4987.64154091,2096.727956486,2625.494903832,2.681992337164751,101.53256704980842,490.0383141762452
Upney,495.0,502.0,721.0,2054.0,20387.85213739394,6529.4,485.0,485.0,14.239750123464642,5.469331416138696,2.000814518725901,7048.676311114999,3943.3879510360002,4109.673021463001,1.4141414141414141,45.656565656565654,314.949494949495
Upper Holloway,560.0,562.0,503.0,433.0,11003.504687367347,4024.3061224489797,898.0,898.0,10.005071119191072,7.393942718990059,4.504817753120093,5602.839826747,3719.153187652,1950.5860871010002,0.35714285714285715,-10.178571428571429,-22.678571428571427
Upton Park,1932.0,1960.0,2228.0,3489.0,18917.249757411522,5302.341563786008,1642.0,1642.0,12.373874343250518,6.85897705515754,2.89982845381456,23906.325231160004,15281.800878891001,10117.501475359,1.4492753623188406,15.320910973084887,80.59006211180125
Uxbridge,1941.0,1965.0,1332.0,1159.0,30726.7377679916,5394.747899159664,4316.0,4316.0,28.121630344295205,15.248325519952704,6.664629933918897,54584.08449827699,20310.769592577002,7724.306093412,1.2364760432766615,-31.375579598145286,-40.28851107676456
Vauxhall,13842.0,13974.0,12481.0,11349.0,14720.969319541064,4976.003802281369,16242.0,16242.0,10.42090861811343,8.171829980219197,4.72266409016263,144246.2170919261,101992.60998311579,53597.51475925569,0.953619419159081,-9.832394162693252,-18.01040312093628
Victoria,27312.0,27583.0,24016.0,15958.0,12735.522619269057,4868.558490566038,33251.0,33251.0,8.971607102030925,7.970352992060219,6.055603388653616,245032.5331706686,191415.9974573182,96635.31887613439,0.9922378441710603,-12.067955477445812,-41.571470415934385
Walthamstow Central,4911.0,4946.0,5842.0,7298.0,18994.951091922634,5140.024691358025,5271.0,5271.0,12.299817248090289,6.346339204355427,3.3313639775242803,60404.40250537141,37075.3136318444,24312.2943079722,0.7126858073712076,18.957442476074117,48.60517206271635
Walthamstow Queens Road,421.0,424.0,895.0,1483.0,12040.782705615384,2575.3846153846152,1267.0,1267.0,5.628337330769596,2.8128684800234636,1.9344889995273102,2369.5300162539997,2517.517289621,2868.8471862990004,0.7125890736342043,112.58907363420427,252.2565320665083
Wandsworth Road,405.0,405.0,1014.0,1736.0,10459.16657707143,3971.1428571428573,498.0,498.0,5.226295027083951,2.0027885791222877,1.3407037340144008,2116.649485969,2030.8276192299998,2327.4616822489998,0.0,150.37037037037038,328.641975308642
Wanstead,482.0,492.0,638.0,1404.0,17631.643234862502,6665.9125,419.0,419.0,12.508298276336097,5.669453983032915,2.570960820862536,6028.999769194,3617.111641175,3609.628992491,2.0746887966804977,32.365145228215766,191.28630705394193
Wanstead Park,236.0,237.0,348.0,454.0,16719.7521025,2390.342105263158,416.0,416.0,8.935065891957628,4.560600724761494,2.82357759096696,2108.675550502,1587.0890522170002,1281.904226299,0.423728813559322,47.45762711864407,92.37288135593221
Wapping,1143.0,1156.0,1874.0,2823.0,8613.03895057381,3432.7380952380954,1066.0,1066.0,4.859000731093789,2.6655359243750794,1.4682566905013457,5553.837835640201,4995.214322278899,4144.888637285299,1.1373578302712162,63.954505686789155,146.98162729658793
Warren Street,18191.0,18367.0,18821.0,17263.0,12394.883479004151,5002.91320754717,17309.0,17309.0,8.226524929961023,6.43575141986616,3.7872896949511614,149648.715000921,121127.27747330099,65379.98200394189,0.9675114067395966,3.463251058215601,-5.1014237809906
Warwick Avenue,1643.0,1661.0,1851.0,2511.0,11952.086680679,6041.38,1174.0,1174.0,9.697928671757639,6.006224207175256,2.5218333065355636,15933.696807697801,11117.521007481402,6332.3234327108,1.0955569080949483,12.659768715763848,52.83018867924528
Waterloo,21695.0,21917.0,19995.0,14414.0,12780.025639705304,4767.609848484848,23466.0,23466.0,8.528866399393422,7.345304200089103,5.150035364276801,185033.75653484027,146869.35748078162,74232.6097406858,1.0232772528232312,-7.835906890988707,-33.56072827840516
Watford,393.0,399.0,349.0,682.0,30825.01054897183,6655.669014084507,961.0,961.0,28.36361539325954,11.385496403100287,4.118650788281525,11146.900849550999,3973.5382446820004,2808.9198376080003,1.5267175572519083,-11.195928753180661,73.53689567430025
Watford High Street,258.0,259.0,581.0,837.0,20684.800048921054,4950.684210526316,790.0,790.0,12.86936093205039,3.6118612164130806,2.3035790377694148,3320.2951204690007,2098.4913667359997,1928.0956546129999,0.3875968992248062,125.1937984496124,224.41860465116278
Watford Junction,349.0,349.0,493.0,509.0,22719.09102212195,3882.317073170732,1367.0,1367.0,16.103288779091695,5.562211786046652,3.2548742225736738,5620.047783903001,2742.1704105209997,1656.7309792899998,0.0,41.260744985673355,45.845272206303726
Wembley Central,1368.0,1380.0,948.0,1034.0,17377.91203513242,5449.502283105023,1327.0,1327.0,16.16351219091667,10.887230263217301,4.366769768390716,22111.684677174,10321.094289530001,4515.239940516,0.8771929824561403,-30.701754385964914,-24.415204678362574
Wembley Park,3985.0,4025.0,3947.0,4416.0,18773.74640537083,5319.154166666666,5759.0,5759.0,15.998754651743036,9.430896163632125,4.999004893990942,63755.037287196006,37223.747157856,22075.605611864,1.0037641154328731,-0.9535759096612296,10.81555834378921
West Acton,477.0,482.0,660.0,1588.0,15934.610586415494,7318.387323943662,488.0,488.0,13.691338282360588,5.3886254851621205,2.1440765119779597,6530.768360686,3556.4928202069996,3404.7935010210003,1.0482180293501049,38.36477987421384,232.9140461215933
West Brompton,8290.0,8346.0,9136.0,10332.0,14142.00308318188,4597.812080536913,5859.0,5859.0,10.531958316528854,6.45082842043728,3.255328958080178,87309.9344440242,58934.768449115,33634.0587948844,0.6755126658624849,10.205066344993968,24.63208685162847
West Croydon,641.0,641.0,519.0,419.0,17387.431340363633,3876.5454545454545,2048.0,2048.0,12.300603176996882,7.531224030038536,4.860569969009547,7884.686636455001,3908.70527159,2036.5788170150001,0.0,-19.03276131045242,-34.63338533541342
West Finchley,106.0,107.0,244.0,1113.0,17535.73605036929,7754.007874015748,91.0,91.0,13.999185452076414,2.8759734320979513,1.2991585425309076,1483.9136579200997,701.7375174319002,1445.9634578369,0.9433962264150944,130.18867924528303,950.0
West Ham,7896.0,8142.0,10397.0,12666.0,15604.820106907693,4734.083916083916,5487.0,5487.0,8.911532692435005,4.992853332695287,2.883781509527412,70365.46213946679,51910.696100032896,36525.9765996742,3.115501519756839,31.674265450861196,60.410334346504555
West Hampstead,7628.0,7682.0,8730.0,10255.0,13124.04226963421,4866.360902255639,5856.0,5856.0,10.463071189973546,6.089032248515704,2.894717294607694,79812.3070371182,53157.251529542096,29685.325856201904,0.7079181961195595,14.446775039328788,34.43890928159413
West Harrow,144.0,144.0,352.0,987.0,18488.674573471428,6630.371428571429,122.0,122.0,13.44371920125,3.5999072065795454,1.8834996104660588,1935.89556498,1267.167336716,1859.01411553,0.0,144.44444444444443,585.4166666666667
West India Quay,614.0,661.0,1429.0,2208.0,3902.115551921053,5315.394736842105,400.0,400.0,2.979304146575733,1.40469428286585,0.7726970168070652,1829.2927459974997,2007.3081302152998,1706.1150131099996,7.654723127035831,132.73615635179152,259.6091205211726
West Kensington,1900.0,1917.0,2196.0,2481.0,12492.894264827522,5733.380733944954,1345.0,1345.0,9.851116471335892,5.93663114521612,2.8346355532332526,18717.1212955382,13036.8419948946,7032.7308075717,0.894736842105263,15.578947368421053,30.57894736842105
West Ruislip,101.0,102.0,78.0,113.0,25903.863994554544,7958.236363636363,194.0,194.0,23.979681749742582,7.8309693542307715,3.5726521027433633,2421.9478567240008,610.81560963,403.70968761,0.9900990099009901,-22.772277227722775,11.881188118811881
West Silvertown,742.0,798.0,1140.0,1668.0,5444.082066792307,5119.717948717948,893.0,893.0,4.552955820453369,2.9736817012944736,1.9834040254343523,3378.2932187763995,3389.9971394756994,3308.3179144245,7.547169811320755,53.63881401617251,124.7978436657682
Westbourne Park,1744.0,1763.0,1509.0,1326.0,13239.179385638183,5720.886363636364,1347.0,1347.0,11.203930372751378,8.604964049391517,4.585052822066666,19539.654570078405,12984.8907505318,6079.7800420604,1.0894495412844036,-13.474770642201836,-23.967889908256883
Westferry,1199.0,1297.0,1499.0,1376.0,4332.86524315,4652.568181818182,1250.0,1250.0,3.805957418923603,2.8785096551014675,2.1206101415185317,4563.342945289401,4314.8859729971,2917.9595547295,8.17347789824854,25.0208507089241,14.762301918265223
Westminster,18137.0,18308.0,20575.0,20042.0,12740.739281459999,5004.4,15466.0,15466.0,7.563907050455202,5.4101697863846745,3.0739888258874113,137186.582174106,111314.24335486468,61608.884048435495,0.942824061311132,13.442134862435903,10.503390858466119
White City,4880.0,4928.0,4178.0,3834.0,15479.105933125,5726.101851851852,5966.0,5966.0,12.612411892739344,9.366376556562948,5.244241987488785,61548.57003656801,39132.721253319985,20106.423780032,0.9836065573770493,-14.385245901639344,-21.434426229508198
White Hart Lane,598.0,599.0,990.0,1268.0,11678.471344489797,4153.857142857143,641.0,641.0,7.352784313244148,3.9893479668858594,2.623937168327287,4396.96501932,3949.4544872170004,3327.1523294390004,0.16722408026755853,65.55183946488295,112.04013377926421
Whitechapel,22914.0,23143.0,19346.0,13063.0,13865.511713717377,4517.567213114754,17633.0,17633.0,8.975506400921272,7.696453430421183,5.565085871376239,205664.75367071002,148895.5880649282,72696.71673778779,0.9993890198132146,-15.571266474644322,-42.991184428733526
Willesden Green,1029.0,1044.0,1033.0,1209.0,15018.372102668183,5634.368181818182,830.0,830.0,12.890384558991256,8.375961188266215,3.8461426041579823,13264.205711202001,8652.367907479002,4649.986408427,1.4577259475218658,0.3887269193391642,17.49271137026239
Willesden Junction,5109.0,5140.0,4035.0,3754.0,14633.315045162699,4998.369047619048,4165.0,4165.0,13.23303187800509,9.177881845947212,4.70871682843367,67607.559864728,37032.753248397,17676.52297394,0.6067723624975534,-21.021726365237818,-26.5218242317479
Wimbledon,3426.0,3460.0,2020.0,1695.0,21669.764668410786,5111.979253112033,6295.0,6295.0,19.705907328301226,14.99161921279703,6.462291605771681,67512.43850676,30283.07080985,10953.584271783,0.99241097489784,-41.03911266783421,-50.525394045534156
Wimbledon Park,523.0,527.0,731.0,2301.0,17040.341094591466,5973.682926829269,596.0,596.0,14.625747201929252,5.70985511084405,1.8880593726262496,7649.265786608999,4173.904086027,4344.424616413,0.7648183556405354,39.77055449330784,339.96175908221795
Wood Green,2161.0,2185.0,2734.0,6062.0,18734.703417782996,5273.437246963563,2146.0,2146.0,14.074615184782877,6.574999648897951,2.089843858420324,30415.2434143158,17976.049040087,12668.633469744,1.1105969458583989,26.515502082369274,180.51827857473393
Wood Lane,1647.0,1663.0,1785.0,2106.0,14316.101888067957,6004.1049723756905,1578.0,1578.0,11.274282161271646,6.773473583880616,2.966459709231576,18568.7427196144,12090.6503472269,6247.3641476417,0.9714632665452339,8.378870673952642,27.86885245901639
Wood Street,341.0,342.0,855.0,2247.0,12344.337418648649,4907.891891891892,404.0,404.0,7.501473469692082,3.0383720799789478,1.9376296083805071,2558.0024531649997,2597.808128382,4353.853730031,0.2932551319648094,150.733137829912,558.9442815249267
Woodford,654.0,666.0,732.0,1462.0,21942.611233105,5825.295,706.0,706.0,16.439239083422017,7.5653475466352464,3.2027037938139533,10751.262360558,5537.834404136999,4682.3529465560005,1.834862385321101,11.926605504587156,123.54740061162079
Woodgrange Park,156.0,156.0,260.0,467.0,16783.415104916665,2467.25,242.0,242.0,9.497593547814102,3.8286091832269227,2.2188676683147754,1481.624593459,995.4383876389998,1036.2112011030001,0.0,66.66666666666666,199.35897435897436
Woodside Park,603.0,609.0,818.0,2253.0,19797.70360236909,6744.151515151515,745.0,745.0,16.992260030487397,5.892608877572127,2.0848299269426542,10246.332798383899,4820.154061854,4697.1218254017995,0.9950248756218906,35.65505804311774,273.6318407960199
Woolwich Arsenal,1009.0,1081.0,611.0,322.0,9891.671551225,4653.675,4428.0,4428.0,8.887780274484639,6.9424127606579376,4.961329059158385,8967.770296955001,4241.814196762,1597.547957049,7.135777998017839,-39.44499504459861,-68.08721506442022
